# Aggregated stdout/stderr of settle-api pods as shipped by the log agent (text format, no request ids). Tracebacks follow their log line.
2026-08-14 13:30:00,000 INFO settle.api [settle-api-5b7f9c6d4-2mxkq] settle-api 1.7.3 running
2026-08-14 13:30:00,000 INFO settle.api [settle-api-5b7f9c6d4-8zv4t] settle-api 1.7.3 running
2026-08-14 13:30:00,000 INFO settle.api [settle-api-5b7f9c6d4-fq7rn] settle-api 1.7.3 running
2026-08-14 13:30:00,000 INFO settle.api [settle-api-5b7f9c6d4-tw9hc] settle-api 1.7.3 running
2026-08-14 14:02:46,000 INFO settle.api [settle-api-7c9d8f5b6-xk2lp] settle-api 1.8.0 started
2026-08-14 14:02:46,005 DEBUG settle.logs [settle-api-7c9d8f5b6-xk2lp] file logging enabled: /var/log/settle/settle.log
2026-08-14 14:02:47,000 INFO settle.api [settle-api-7c9d8f5b6-b4n8s] settle-api 1.8.0 started
2026-08-14 14:02:47,005 DEBUG settle.logs [settle-api-7c9d8f5b6-b4n8s] file logging enabled: /var/log/settle/settle.log
2026-08-14 14:02:48,000 INFO settle.api [settle-api-7c9d8f5b6-j7wq2] settle-api 1.8.0 started
2026-08-14 14:02:48,005 DEBUG settle.logs [settle-api-7c9d8f5b6-j7wq2] file logging enabled: /var/log/settle/settle.log
2026-08-14 14:02:49,000 INFO settle.api [settle-api-7c9d8f5b6-r5tzm] settle-api 1.8.0 started
2026-08-14 14:02:49,005 DEBUG settle.logs [settle-api-7c9d8f5b6-r5tzm] file logging enabled: /var/log/settle/settle.log
2026-08-14 14:02:50,000 ERROR settle.api [settle-api-7c9d8f5b6-r5tzm] health check failed
Traceback (most recent call last):
  File "/usr/local/lib/python3.12/site-packages/sqlalchemy/engine/base.py", line 145, in __init__
    self._dbapi_connection = engine.raw_connection()
  File "/usr/local/lib/python3.12/site-packages/psycopg/connection.py", line 119, in connect
    raise last_ex.with_traceback(None)
sqlalchemy.exc.TimeoutError: QueuePool limit of size 5 overflow 10 reached, connection timed out, timeout 30.00
2026-08-14 14:02:53,000 ERROR settle.api [settle-api-5b7f9c6d4-2mxkq] health check failed
Traceback (most recent call last):
  File "/usr/local/lib/python3.12/site-packages/sqlalchemy/engine/base.py", line 145, in __init__
    self._dbapi_connection = engine.raw_connection()
  File "/usr/local/lib/python3.12/site-packages/psycopg/connection.py", line 119, in connect
    raise last_ex.with_traceback(None)
psycopg.OperationalError: connection failed: connection to server at "10.43.12.7", port 5432 failed: FATAL:  sorry, too many clients already
(Background on this error at: https://sqlalche.me/e/20/e3q8)
2026-08-14 14:02:56,000 ERROR settle.api [settle-api-7c9d8f5b6-j7wq2] health check failed
Traceback (most recent call last):
  File "/usr/local/lib/python3.12/site-packages/sqlalchemy/engine/base.py", line 145, in __init__
    self._dbapi_connection = engine.raw_connection()
  File "/usr/local/lib/python3.12/site-packages/psycopg/connection.py", line 119, in connect
    raise last_ex.with_traceback(None)
psycopg.OperationalError: connection failed: connection to server at "10.43.12.7", port 5432 failed: FATAL:  sorry, too many clients already
(Background on this error at: https://sqlalche.me/e/20/e3q8)
2026-08-14 14:02:59,000 ERROR settle.api [settle-api-7c9d8f5b6-r5tzm] health check failed
Traceback (most recent call last):
  File "/usr/local/lib/python3.12/site-packages/sqlalchemy/engine/base.py", line 145, in __init__
    self._dbapi_connection = engine.raw_connection()
  File "/usr/local/lib/python3.12/site-packages/psycopg/connection.py", line 119, in connect
    raise last_ex.with_traceback(None)
sqlalchemy.exc.TimeoutError: QueuePool limit of size 5 overflow 10 reached, connection timed out, timeout 30.00
2026-08-14 14:03:02,000 ERROR settle.api [settle-api-7c9d8f5b6-j7wq2] health check failed
Traceback (most recent call last):
  File "/usr/local/lib/python3.12/site-packages/sqlalchemy/engine/base.py", line 145, in __init__
    self._dbapi_connection = engine.raw_connection()
  File "/usr/local/lib/python3.12/site-packages/psycopg/connection.py", line 119, in connect
    raise last_ex.with_traceback(None)
psycopg.OperationalError: connection failed: connection to server at "10.43.12.7", port 5432 failed: FATAL:  sorry, too many clients already
(Background on this error at: https://sqlalche.me/e/20/e3q8)
2026-08-14 14:03:05,000 ERROR settle.api [settle-api-5b7f9c6d4-2mxkq] health check failed
Traceback (most recent call last):
  File "/usr/local/lib/python3.12/site-packages/sqlalchemy/engine/base.py", line 145, in __init__
    self._dbapi_connection = engine.raw_connection()
  File "/usr/local/lib/python3.12/site-packages/psycopg/connection.py", line 119, in connect
    raise last_ex.with_traceback(None)
psycopg.OperationalError: connection failed: connection to server at "10.43.12.7", port 5432 failed: FATAL:  sorry, too many clients already
(Background on this error at: https://sqlalche.me/e/20/e3q8)
2026-08-14 14:03:08,000 ERROR settle.api [settle-api-7c9d8f5b6-b4n8s] health check failed
Traceback (most recent call last):
  File "/usr/local/lib/python3.12/site-packages/sqlalchemy/engine/base.py", line 145, in __init__
    self._dbapi_connection = engine.raw_connection()
  File "/usr/local/lib/python3.12/site-packages/psycopg/connection.py", line 119, in connect
    raise last_ex.with_traceback(None)
sqlalchemy.exc.TimeoutError: QueuePool limit of size 5 overflow 10 reached, connection timed out, timeout 30.00
2026-08-14 14:03:10,000 ERROR settle.db [settle-api-7c9d8f5b6-xk2lp] database not ready, retrying
Traceback (most recent call last):
  File "/usr/local/lib/python3.12/site-packages/sqlalchemy/engine/base.py", line 145, in __init__
    self._dbapi_connection = engine.raw_connection()
  File "/usr/local/lib/python3.12/site-packages/psycopg/connection.py", line 119, in connect
    raise last_ex.with_traceback(None)
psycopg.OperationalError: connection failed: connection to server at "10.43.12.7", port 5432 failed: FATAL:  sorry, too many clients already
(Background on this error at: https://sqlalche.me/e/20/e3q8)
2026-08-14 14:03:10,009 ERROR settle.db [settle-api-7c9d8f5b6-xk2lp] database not ready, retrying
Traceback (most recent call last):
  File "/usr/local/lib/python3.12/site-packages/sqlalchemy/engine/base.py", line 145, in __init__
    self._dbapi_connection = engine.raw_connection()
  File "/usr/local/lib/python3.12/site-packages/psycopg/connection.py", line 119, in connect
    raise last_ex.with_traceback(None)
psycopg.OperationalError: connection failed: connection to server at "10.43.12.7", port 5432 failed: FATAL:  sorry, too many clients already
(Background on this error at: https://sqlalche.me/e/20/e3q8)
2026-08-14 14:03:10,018 ERROR settle.db [settle-api-7c9d8f5b6-xk2lp] database not ready, retrying
Traceback (most recent call last):
  File "/usr/local/lib/python3.12/site-packages/sqlalchemy/engine/base.py", line 145, in __init__
    self._dbapi_connection = engine.raw_connection()
  File "/usr/local/lib/python3.12/site-packages/psycopg/connection.py", line 119, in connect
    raise last_ex.with_traceback(None)
psycopg.OperationalError: connection failed: connection to server at "10.43.12.7", port 5432 failed: FATAL:  sorry, too many clients already
(Background on this error at: https://sqlalche.me/e/20/e3q8)
... [settle-api-7c9d8f5b6-xk2lp] message repeated 828 times in the last 10s (sampled by log shipper)
2026-08-14 14:03:11,000 ERROR settle.api [settle-api-7c9d8f5b6-r5tzm] health check failed
Traceback (most recent call last):
  File "/usr/local/lib/python3.12/site-packages/sqlalchemy/engine/base.py", line 145, in __init__
    self._dbapi_connection = engine.raw_connection()
  File "/usr/local/lib/python3.12/site-packages/psycopg/connection.py", line 119, in connect
    raise last_ex.with_traceback(None)
psycopg.OperationalError: connection failed: connection to server at "10.43.12.7", port 5432 failed: FATAL:  sorry, too many clients already
(Background on this error at: https://sqlalche.me/e/20/e3q8)
2026-08-14 14:03:14,000 ERROR settle.api [settle-api-7c9d8f5b6-r5tzm] health check failed
Traceback (most recent call last):
  File "/usr/local/lib/python3.12/site-packages/sqlalchemy/engine/base.py", line 145, in __init__
    self._dbapi_connection = engine.raw_connection()
  File "/usr/local/lib/python3.12/site-packages/psycopg/connection.py", line 119, in connect
    raise last_ex.with_traceback(None)
psycopg.OperationalError: connection failed: connection to server at "10.43.12.7", port 5432 failed: FATAL:  sorry, too many clients already
(Background on this error at: https://sqlalche.me/e/20/e3q8)
2026-08-14 14:03:17,000 ERROR settle.api [settle-api-5b7f9c6d4-8zv4t] health check failed
Traceback (most recent call last):
  File "/usr/local/lib/python3.12/site-packages/sqlalchemy/engine/base.py", line 145, in __init__
    self._dbapi_connection = engine.raw_connection()
  File "/usr/local/lib/python3.12/site-packages/psycopg/connection.py", line 119, in connect
    raise last_ex.with_traceback(None)
sqlalchemy.exc.TimeoutError: QueuePool limit of size 5 overflow 10 reached, connection timed out, timeout 30.00
2026-08-14 14:03:20,000 ERROR settle.api [settle-api-7c9d8f5b6-j7wq2] health check failed
Traceback (most recent call last):
  File "/usr/local/lib/python3.12/site-packages/sqlalchemy/engine/base.py", line 145, in __init__
    self._dbapi_connection = engine.raw_connection()
  File "/usr/local/lib/python3.12/site-packages/psycopg/connection.py", line 119, in connect
    raise last_ex.with_traceback(None)
psycopg.OperationalError: connection failed: connection to server at "10.43.12.7", port 5432 failed: FATAL:  sorry, too many clients already
(Background on this error at: https://sqlalche.me/e/20/e3q8)
2026-08-14 14:03:23,000 ERROR settle.api [settle-api-5b7f9c6d4-8zv4t] health check failed
Traceback (most recent call last):
  File "/usr/local/lib/python3.12/site-packages/sqlalchemy/engine/base.py", line 145, in __init__
    self._dbapi_connection = engine.raw_connection()
  File "/usr/local/lib/python3.12/site-packages/psycopg/connection.py", line 119, in connect
    raise last_ex.with_traceback(None)
psycopg.OperationalError: connection failed: connection to server at "10.43.12.7", port 5432 failed: FATAL:  sorry, too many clients already
(Background on this error at: https://sqlalche.me/e/20/e3q8)
2026-08-14 14:03:26,000 ERROR settle.api [settle-api-7c9d8f5b6-b4n8s] health check failed
Traceback (most recent call last):
  File "/usr/local/lib/python3.12/site-packages/sqlalchemy/engine/base.py", line 145, in __init__
    self._dbapi_connection = engine.raw_connection()
  File "/usr/local/lib/python3.12/site-packages/psycopg/connection.py", line 119, in connect
    raise last_ex.with_traceback(None)
sqlalchemy.exc.TimeoutError: QueuePool limit of size 5 overflow 10 reached, connection timed out, timeout 30.00
2026-08-14 14:03:29,000 ERROR settle.api [settle-api-5b7f9c6d4-8zv4t] health check failed
Traceback (most recent call last):
  File "/usr/local/lib/python3.12/site-packages/sqlalchemy/engine/base.py", line 145, in __init__
    self._dbapi_connection = engine.raw_connection()
  File "/usr/local/lib/python3.12/site-packages/psycopg/connection.py", line 119, in connect
    raise last_ex.with_traceback(None)
psycopg.OperationalError: connection failed: connection to server at "10.43.12.7", port 5432 failed: FATAL:  sorry, too many clients already
(Background on this error at: https://sqlalche.me/e/20/e3q8)
2026-08-14 14:03:32,000 ERROR settle.api [settle-api-7c9d8f5b6-xk2lp] health check failed
Traceback (most recent call last):
  File "/usr/local/lib/python3.12/site-packages/sqlalchemy/engine/base.py", line 145, in __init__
    self._dbapi_connection = engine.raw_connection()
  File "/usr/local/lib/python3.12/site-packages/psycopg/connection.py", line 119, in connect
    raise last_ex.with_traceback(None)
psycopg.OperationalError: connection failed: connection to server at "10.43.12.7", port 5432 failed: FATAL:  sorry, too many clients already
(Background on this error at: https://sqlalche.me/e/20/e3q8)
2026-08-14 14:03:35,000 ERROR settle.api [settle-api-5b7f9c6d4-8zv4t] health check failed
Traceback (most recent call last):
  File "/usr/local/lib/python3.12/site-packages/sqlalchemy/engine/base.py", line 145, in __init__
    self._dbapi_connection = engine.raw_connection()
  File "/usr/local/lib/python3.12/site-packages/psycopg/connection.py", line 119, in connect
    raise last_ex.with_traceback(None)
sqlalchemy.exc.TimeoutError: QueuePool limit of size 5 overflow 10 reached, connection timed out, timeout 30.00
2026-08-14 14:03:38,000 ERROR settle.api [settle-api-7c9d8f5b6-j7wq2] health check failed
Traceback (most recent call last):
  File "/usr/local/lib/python3.12/site-packages/sqlalchemy/engine/base.py", line 145, in __init__
    self._dbapi_connection = engine.raw_connection()
  File "/usr/local/lib/python3.12/site-packages/psycopg/connection.py", line 119, in connect
    raise last_ex.with_traceback(None)
psycopg.OperationalError: connection failed: connection to server at "10.43.12.7", port 5432 failed: FATAL:  sorry, too many clients already
(Background on this error at: https://sqlalche.me/e/20/e3q8)
2026-08-14 14:03:41,000 ERROR settle.api [settle-api-7c9d8f5b6-j7wq2] health check failed
Traceback (most recent call last):
  File "/usr/local/lib/python3.12/site-packages/sqlalchemy/engine/base.py", line 145, in __init__
    self._dbapi_connection = engine.raw_connection()
  File "/usr/local/lib/python3.12/site-packages/psycopg/connection.py", line 119, in connect
    raise last_ex.with_traceback(None)
psycopg.OperationalError: connection failed: connection to server at "10.43.12.7", port 5432 failed: FATAL:  sorry, too many clients already
(Background on this error at: https://sqlalche.me/e/20/e3q8)
2026-08-14 14:03:42,000 ERROR settle.db [settle-api-7c9d8f5b6-r5tzm] database not ready, retrying
Traceback (most recent call last):
  File "/usr/local/lib/python3.12/site-packages/sqlalchemy/engine/base.py", line 145, in __init__
    self._dbapi_connection = engine.raw_connection()
  File "/usr/local/lib/python3.12/site-packages/psycopg/connection.py", line 119, in connect
    raise last_ex.with_traceback(None)
psycopg.OperationalError: connection failed: connection to server at "10.43.12.7", port 5432 failed: FATAL:  sorry, too many clients already
(Background on this error at: https://sqlalche.me/e/20/e3q8)
2026-08-14 14:03:42,009 ERROR settle.db [settle-api-7c9d8f5b6-r5tzm] database not ready, retrying
Traceback (most recent call last):
  File "/usr/local/lib/python3.12/site-packages/sqlalchemy/engine/base.py", line 145, in __init__
    self._dbapi_connection = engine.raw_connection()
  File "/usr/local/lib/python3.12/site-packages/psycopg/connection.py", line 119, in connect
    raise last_ex.with_traceback(None)
psycopg.OperationalError: connection failed: connection to server at "10.43.12.7", port 5432 failed: FATAL:  sorry, too many clients already
(Background on this error at: https://sqlalche.me/e/20/e3q8)
2026-08-14 14:03:42,018 ERROR settle.db [settle-api-7c9d8f5b6-r5tzm] database not ready, retrying
Traceback (most recent call last):
  File "/usr/local/lib/python3.12/site-packages/sqlalchemy/engine/base.py", line 145, in __init__
    self._dbapi_connection = engine.raw_connection()
  File "/usr/local/lib/python3.12/site-packages/psycopg/connection.py", line 119, in connect
    raise last_ex.with_traceback(None)
psycopg.OperationalError: connection failed: connection to server at "10.43.12.7", port 5432 failed: FATAL:  sorry, too many clients already
(Background on this error at: https://sqlalche.me/e/20/e3q8)
... [settle-api-7c9d8f5b6-r5tzm] message repeated 678 times in the last 10s (sampled by log shipper)
2026-08-14 14:03:44,000 ERROR settle.api [settle-api-7c9d8f5b6-j7wq2] health check failed
Traceback (most recent call last):
  File "/usr/local/lib/python3.12/site-packages/sqlalchemy/engine/base.py", line 145, in __init__
    self._dbapi_connection = engine.raw_connection()
  File "/usr/local/lib/python3.12/site-packages/psycopg/connection.py", line 119, in connect
    raise last_ex.with_traceback(None)
sqlalchemy.exc.TimeoutError: QueuePool limit of size 5 overflow 10 reached, connection timed out, timeout 30.00
2026-08-14 14:03:47,000 ERROR settle.api [settle-api-5b7f9c6d4-2mxkq] health check failed
Traceback (most recent call last):
  File "/usr/local/lib/python3.12/site-packages/sqlalchemy/engine/base.py", line 145, in __init__
    self._dbapi_connection = engine.raw_connection()
  File "/usr/local/lib/python3.12/site-packages/psycopg/connection.py", line 119, in connect
    raise last_ex.with_traceback(None)
psycopg.OperationalError: connection failed: connection to server at "10.43.12.7", port 5432 failed: FATAL:  sorry, too many clients already
(Background on this error at: https://sqlalche.me/e/20/e3q8)
2026-08-14 14:03:50,000 ERROR settle.api [settle-api-7c9d8f5b6-j7wq2] health check failed
Traceback (most recent call last):
  File "/usr/local/lib/python3.12/site-packages/sqlalchemy/engine/base.py", line 145, in __init__
    self._dbapi_connection = engine.raw_connection()
  File "/usr/local/lib/python3.12/site-packages/psycopg/connection.py", line 119, in connect
    raise last_ex.with_traceback(None)
psycopg.OperationalError: connection failed: connection to server at "10.43.12.7", port 5432 failed: FATAL:  sorry, too many clients already
(Background on this error at: https://sqlalche.me/e/20/e3q8)
2026-08-14 14:03:53,000 ERROR settle.api [settle-api-5b7f9c6d4-2mxkq] health check failed
Traceback (most recent call last):
  File "/usr/local/lib/python3.12/site-packages/sqlalchemy/engine/base.py", line 145, in __init__
    self._dbapi_connection = engine.raw_connection()
  File "/usr/local/lib/python3.12/site-packages/psycopg/connection.py", line 119, in connect
    raise last_ex.with_traceback(None)
sqlalchemy.exc.TimeoutError: QueuePool limit of size 5 overflow 10 reached, connection timed out, timeout 30.00
2026-08-14 14:03:56,000 ERROR settle.api [settle-api-5b7f9c6d4-8zv4t] health check failed
Traceback (most recent call last):
  File "/usr/local/lib/python3.12/site-packages/sqlalchemy/engine/base.py", line 145, in __init__
    self._dbapi_connection = engine.raw_connection()
  File "/usr/local/lib/python3.12/site-packages/psycopg/connection.py", line 119, in connect
    raise last_ex.with_traceback(None)
psycopg.OperationalError: connection failed: connection to server at "10.43.12.7", port 5432 failed: FATAL:  sorry, too many clients already
(Background on this error at: https://sqlalche.me/e/20/e3q8)
2026-08-14 14:03:59,000 ERROR settle.api [settle-api-7c9d8f5b6-j7wq2] health check failed
Traceback (most recent call last):
  File "/usr/local/lib/python3.12/site-packages/sqlalchemy/engine/base.py", line 145, in __init__
    self._dbapi_connection = engine.raw_connection()
  File "/usr/local/lib/python3.12/site-packages/psycopg/connection.py", line 119, in connect
    raise last_ex.with_traceback(None)
psycopg.OperationalError: connection failed: connection to server at "10.43.12.7", port 5432 failed: FATAL:  sorry, too many clients already
(Background on this error at: https://sqlalche.me/e/20/e3q8)
2026-08-14 14:04:29,000 ERROR settle.db [settle-api-7c9d8f5b6-xk2lp] database not ready, retrying
Traceback (most recent call last):
  File "/usr/local/lib/python3.12/site-packages/sqlalchemy/engine/base.py", line 145, in __init__
    self._dbapi_connection = engine.raw_connection()
  File "/usr/local/lib/python3.12/site-packages/psycopg/connection.py", line 119, in connect
    raise last_ex.with_traceback(None)
psycopg.OperationalError: connection failed: connection to server at "10.43.12.7", port 5432 failed: FATAL:  sorry, too many clients already
(Background on this error at: https://sqlalche.me/e/20/e3q8)
2026-08-14 14:04:29,009 ERROR settle.db [settle-api-7c9d8f5b6-xk2lp] database not ready, retrying
Traceback (most recent call last):
  File "/usr/local/lib/python3.12/site-packages/sqlalchemy/engine/base.py", line 145, in __init__
    self._dbapi_connection = engine.raw_connection()
  File "/usr/local/lib/python3.12/site-packages/psycopg/connection.py", line 119, in connect
    raise last_ex.with_traceback(None)
psycopg.OperationalError: connection failed: connection to server at "10.43.12.7", port 5432 failed: FATAL:  sorry, too many clients already
(Background on this error at: https://sqlalche.me/e/20/e3q8)
2026-08-14 14:04:29,018 ERROR settle.db [settle-api-7c9d8f5b6-xk2lp] database not ready, retrying
Traceback (most recent call last):
  File "/usr/local/lib/python3.12/site-packages/sqlalchemy/engine/base.py", line 145, in __init__
    self._dbapi_connection = engine.raw_connection()
  File "/usr/local/lib/python3.12/site-packages/psycopg/connection.py", line 119, in connect
    raise last_ex.with_traceback(None)
psycopg.OperationalError: connection failed: connection to server at "10.43.12.7", port 5432 failed: FATAL:  sorry, too many clients already
(Background on this error at: https://sqlalche.me/e/20/e3q8)
2026-08-14 14:04:29,027 ERROR settle.db [settle-api-7c9d8f5b6-xk2lp] database not ready, retrying
Traceback (most recent call last):
  File "/usr/local/lib/python3.12/site-packages/sqlalchemy/engine/base.py", line 145, in __init__
    self._dbapi_connection = engine.raw_connection()
  File "/usr/local/lib/python3.12/site-packages/psycopg/connection.py", line 119, in connect
    raise last_ex.with_traceback(None)
psycopg.OperationalError: connection failed: connection to server at "10.43.12.7", port 5432 failed: FATAL:  sorry, too many clients already
(Background on this error at: https://sqlalche.me/e/20/e3q8)
2026-08-14 14:04:29,036 ERROR settle.db [settle-api-7c9d8f5b6-xk2lp] database not ready, retrying
Traceback (most recent call last):
  File "/usr/local/lib/python3.12/site-packages/sqlalchemy/engine/base.py", line 145, in __init__
    self._dbapi_connection = engine.raw_connection()
  File "/usr/local/lib/python3.12/site-packages/psycopg/connection.py", line 119, in connect
    raise last_ex.with_traceback(None)
psycopg.OperationalError: connection failed: connection to server at "10.43.12.7", port 5432 failed: FATAL:  sorry, too many clients already
(Background on this error at: https://sqlalche.me/e/20/e3q8)
... [settle-api-7c9d8f5b6-xk2lp] message repeated 752 times in the last 10s (sampled by log shipper)
2026-08-14 14:05:09,000 ERROR settle.db [settle-api-7c9d8f5b6-xk2lp] database not ready, retrying
Traceback (most recent call last):
  File "/usr/local/lib/python3.12/site-packages/sqlalchemy/engine/base.py", line 145, in __init__
    self._dbapi_connection = engine.raw_connection()
  File "/usr/local/lib/python3.12/site-packages/psycopg/connection.py", line 119, in connect
    raise last_ex.with_traceback(None)
psycopg.OperationalError: connection failed: connection to server at "10.43.12.7", port 5432 failed: FATAL:  sorry, too many clients already
(Background on this error at: https://sqlalche.me/e/20/e3q8)
2026-08-14 14:05:09,009 ERROR settle.db [settle-api-7c9d8f5b6-xk2lp] database not ready, retrying
Traceback (most recent call last):
  File "/usr/local/lib/python3.12/site-packages/sqlalchemy/engine/base.py", line 145, in __init__
    self._dbapi_connection = engine.raw_connection()
  File "/usr/local/lib/python3.12/site-packages/psycopg/connection.py", line 119, in connect
    raise last_ex.with_traceback(None)
psycopg.OperationalError: connection failed: connection to server at "10.43.12.7", port 5432 failed: FATAL:  sorry, too many clients already
(Background on this error at: https://sqlalche.me/e/20/e3q8)
2026-08-14 14:05:09,018 ERROR settle.db [settle-api-7c9d8f5b6-xk2lp] database not ready, retrying
Traceback (most recent call last):
  File "/usr/local/lib/python3.12/site-packages/sqlalchemy/engine/base.py", line 145, in __init__
    self._dbapi_connection = engine.raw_connection()
  File "/usr/local/lib/python3.12/site-packages/psycopg/connection.py", line 119, in connect
    raise last_ex.with_traceback(None)
psycopg.OperationalError: connection failed: connection to server at "10.43.12.7", port 5432 failed: FATAL:  sorry, too many clients already
(Background on this error at: https://sqlalche.me/e/20/e3q8)
2026-08-14 14:05:09,027 ERROR settle.db [settle-api-7c9d8f5b6-xk2lp] database not ready, retrying
Traceback (most recent call last):
  File "/usr/local/lib/python3.12/site-packages/sqlalchemy/engine/base.py", line 145, in __init__
    self._dbapi_connection = engine.raw_connection()
  File "/usr/local/lib/python3.12/site-packages/psycopg/connection.py", line 119, in connect
    raise last_ex.with_traceback(None)
psycopg.OperationalError: connection failed: connection to server at "10.43.12.7", port 5432 failed: FATAL:  sorry, too many clients already
(Background on this error at: https://sqlalche.me/e/20/e3q8)
2026-08-14 14:05:09,036 ERROR settle.db [settle-api-7c9d8f5b6-xk2lp] database not ready, retrying
Traceback (most recent call last):
  File "/usr/local/lib/python3.12/site-packages/sqlalchemy/engine/base.py", line 145, in __init__
    self._dbapi_connection = engine.raw_connection()
  File "/usr/local/lib/python3.12/site-packages/psycopg/connection.py", line 119, in connect
    raise last_ex.with_traceback(None)
psycopg.OperationalError: connection failed: connection to server at "10.43.12.7", port 5432 failed: FATAL:  sorry, too many clients already
(Background on this error at: https://sqlalche.me/e/20/e3q8)
... [settle-api-7c9d8f5b6-xk2lp] message repeated 685 times in the last 10s (sampled by log shipper)
2026-08-14 14:05:42,000 ERROR settle.db [settle-api-7c9d8f5b6-z3fw8] database not ready, retrying
Traceback (most recent call last):
  File "/usr/local/lib/python3.12/site-packages/sqlalchemy/engine/base.py", line 145, in __init__
    self._dbapi_connection = engine.raw_connection()
  File "/usr/local/lib/python3.12/site-packages/psycopg/connection.py", line 119, in connect
    raise last_ex.with_traceback(None)
psycopg.OperationalError: connection failed: connection to server at "10.43.12.7", port 5432 failed: FATAL:  sorry, too many clients already
(Background on this error at: https://sqlalche.me/e/20/e3q8)
2026-08-14 14:05:42,009 ERROR settle.db [settle-api-7c9d8f5b6-z3fw8] database not ready, retrying
Traceback (most recent call last):
  File "/usr/local/lib/python3.12/site-packages/sqlalchemy/engine/base.py", line 145, in __init__
    self._dbapi_connection = engine.raw_connection()
  File "/usr/local/lib/python3.12/site-packages/psycopg/connection.py", line 119, in connect
    raise last_ex.with_traceback(None)
psycopg.OperationalError: connection failed: connection to server at "10.43.12.7", port 5432 failed: FATAL:  sorry, too many clients already
(Background on this error at: https://sqlalche.me/e/20/e3q8)
2026-08-14 14:05:42,018 ERROR settle.db [settle-api-7c9d8f5b6-z3fw8] database not ready, retrying
Traceback (most recent call last):
  File "/usr/local/lib/python3.12/site-packages/sqlalchemy/engine/base.py", line 145, in __init__
    self._dbapi_connection = engine.raw_connection()
  File "/usr/local/lib/python3.12/site-packages/psycopg/connection.py", line 119, in connect
    raise last_ex.with_traceback(None)
psycopg.OperationalError: connection failed: connection to server at "10.43.12.7", port 5432 failed: FATAL:  sorry, too many clients already
(Background on this error at: https://sqlalche.me/e/20/e3q8)
2026-08-14 14:05:42,027 ERROR settle.db [settle-api-7c9d8f5b6-z3fw8] database not ready, retrying
Traceback (most recent call last):
  File "/usr/local/lib/python3.12/site-packages/sqlalchemy/engine/base.py", line 145, in __init__
    self._dbapi_connection = engine.raw_connection()
  File "/usr/local/lib/python3.12/site-packages/psycopg/connection.py", line 119, in connect
    raise last_ex.with_traceback(None)
psycopg.OperationalError: connection failed: connection to server at "10.43.12.7", port 5432 failed: FATAL:  sorry, too many clients already
(Background on this error at: https://sqlalche.me/e/20/e3q8)
2026-08-14 14:05:42,036 ERROR settle.db [settle-api-7c9d8f5b6-z3fw8] database not ready, retrying
Traceback (most recent call last):
  File "/usr/local/lib/python3.12/site-packages/sqlalchemy/engine/base.py", line 145, in __init__
    self._dbapi_connection = engine.raw_connection()
  File "/usr/local/lib/python3.12/site-packages/psycopg/connection.py", line 119, in connect
    raise last_ex.with_traceback(None)
psycopg.OperationalError: connection failed: connection to server at "10.43.12.7", port 5432 failed: FATAL:  sorry, too many clients already
(Background on this error at: https://sqlalche.me/e/20/e3q8)
... [settle-api-7c9d8f5b6-z3fw8] message repeated 719 times in the last 10s (sampled by log shipper)
2026-08-14 14:06:11,000 ERROR settle.db [settle-api-7c9d8f5b6-h4r7k] database not ready, retrying
Traceback (most recent call last):
  File "/usr/local/lib/python3.12/site-packages/sqlalchemy/engine/base.py", line 145, in __init__
    self._dbapi_connection = engine.raw_connection()
  File "/usr/local/lib/python3.12/site-packages/psycopg/connection.py", line 119, in connect
    raise last_ex.with_traceback(None)
psycopg.OperationalError: connection failed: connection to server at "10.43.12.7", port 5432 failed: FATAL:  sorry, too many clients already
(Background on this error at: https://sqlalche.me/e/20/e3q8)
2026-08-14 14:06:11,009 ERROR settle.db [settle-api-7c9d8f5b6-h4r7k] database not ready, retrying
Traceback (most recent call last):
  File "/usr/local/lib/python3.12/site-packages/sqlalchemy/engine/base.py", line 145, in __init__
    self._dbapi_connection = engine.raw_connection()
  File "/usr/local/lib/python3.12/site-packages/psycopg/connection.py", line 119, in connect
    raise last_ex.with_traceback(None)
psycopg.OperationalError: connection failed: connection to server at "10.43.12.7", port 5432 failed: FATAL:  sorry, too many clients already
(Background on this error at: https://sqlalche.me/e/20/e3q8)
2026-08-14 14:06:11,018 ERROR settle.db [settle-api-7c9d8f5b6-h4r7k] database not ready, retrying
Traceback (most recent call last):
  File "/usr/local/lib/python3.12/site-packages/sqlalchemy/engine/base.py", line 145, in __init__
    self._dbapi_connection = engine.raw_connection()
  File "/usr/local/lib/python3.12/site-packages/psycopg/connection.py", line 119, in connect
    raise last_ex.with_traceback(None)
psycopg.OperationalError: connection failed: connection to server at "10.43.12.7", port 5432 failed: FATAL:  sorry, too many clients already
(Background on this error at: https://sqlalche.me/e/20/e3q8)
... [settle-api-7c9d8f5b6-h4r7k] message repeated 859 times in the last 10s (sampled by log shipper)
2026-08-14 14:07:01,000 ERROR settle.db [settle-api-7c9d8f5b6-b4n8s] database not ready, retrying
Traceback (most recent call last):
  File "/usr/local/lib/python3.12/site-packages/sqlalchemy/engine/base.py", line 145, in __init__
    self._dbapi_connection = engine.raw_connection()
  File "/usr/local/lib/python3.12/site-packages/psycopg/connection.py", line 119, in connect
    raise last_ex.with_traceback(None)
psycopg.OperationalError: connection failed: connection to server at "10.43.12.7", port 5432 failed: FATAL:  sorry, too many clients already
(Background on this error at: https://sqlalche.me/e/20/e3q8)
2026-08-14 14:07:01,009 ERROR settle.db [settle-api-7c9d8f5b6-b4n8s] database not ready, retrying
Traceback (most recent call last):
  File "/usr/local/lib/python3.12/site-packages/sqlalchemy/engine/base.py", line 145, in __init__
    self._dbapi_connection = engine.raw_connection()
  File "/usr/local/lib/python3.12/site-packages/psycopg/connection.py", line 119, in connect
    raise last_ex.with_traceback(None)
psycopg.OperationalError: connection failed: connection to server at "10.43.12.7", port 5432 failed: FATAL:  sorry, too many clients already
(Background on this error at: https://sqlalche.me/e/20/e3q8)
2026-08-14 14:07:01,018 ERROR settle.db [settle-api-7c9d8f5b6-b4n8s] database not ready, retrying
Traceback (most recent call last):
  File "/usr/local/lib/python3.12/site-packages/sqlalchemy/engine/base.py", line 145, in __init__
    self._dbapi_connection = engine.raw_connection()
  File "/usr/local/lib/python3.12/site-packages/psycopg/connection.py", line 119, in connect
    raise last_ex.with_traceback(None)
psycopg.OperationalError: connection failed: connection to server at "10.43.12.7", port 5432 failed: FATAL:  sorry, too many clients already
(Background on this error at: https://sqlalche.me/e/20/e3q8)
2026-08-14 14:07:01,027 ERROR settle.db [settle-api-7c9d8f5b6-b4n8s] database not ready, retrying
Traceback (most recent call last):
  File "/usr/local/lib/python3.12/site-packages/sqlalchemy/engine/base.py", line 145, in __init__
    self._dbapi_connection = engine.raw_connection()
  File "/usr/local/lib/python3.12/site-packages/psycopg/connection.py", line 119, in connect
    raise last_ex.with_traceback(None)
psycopg.OperationalError: connection failed: connection to server at "10.43.12.7", port 5432 failed: FATAL:  sorry, too many clients already
(Background on this error at: https://sqlalche.me/e/20/e3q8)
... [settle-api-7c9d8f5b6-b4n8s] message repeated 690 times in the last 10s (sampled by log shipper)
2026-08-14 14:07:26,000 ERROR settle.db [settle-api-7c9d8f5b6-z3fw8] database not ready, retrying
Traceback (most recent call last):
  File "/usr/local/lib/python3.12/site-packages/sqlalchemy/engine/base.py", line 145, in __init__
    self._dbapi_connection = engine.raw_connection()
  File "/usr/local/lib/python3.12/site-packages/psycopg/connection.py", line 119, in connect
    raise last_ex.with_traceback(None)
psycopg.OperationalError: connection failed: connection to server at "10.43.12.7", port 5432 failed: FATAL:  sorry, too many clients already
(Background on this error at: https://sqlalche.me/e/20/e3q8)
2026-08-14 14:07:26,009 ERROR settle.db [settle-api-7c9d8f5b6-z3fw8] database not ready, retrying
Traceback (most recent call last):
  File "/usr/local/lib/python3.12/site-packages/sqlalchemy/engine/base.py", line 145, in __init__
    self._dbapi_connection = engine.raw_connection()
  File "/usr/local/lib/python3.12/site-packages/psycopg/connection.py", line 119, in connect
    raise last_ex.with_traceback(None)
psycopg.OperationalError: connection failed: connection to server at "10.43.12.7", port 5432 failed: FATAL:  sorry, too many clients already
(Background on this error at: https://sqlalche.me/e/20/e3q8)
2026-08-14 14:07:26,018 ERROR settle.db [settle-api-7c9d8f5b6-z3fw8] database not ready, retrying
Traceback (most recent call last):
  File "/usr/local/lib/python3.12/site-packages/sqlalchemy/engine/base.py", line 145, in __init__
    self._dbapi_connection = engine.raw_connection()
  File "/usr/local/lib/python3.12/site-packages/psycopg/connection.py", line 119, in connect
    raise last_ex.with_traceback(None)
psycopg.OperationalError: connection failed: connection to server at "10.43.12.7", port 5432 failed: FATAL:  sorry, too many clients already
(Background on this error at: https://sqlalche.me/e/20/e3q8)
... [settle-api-7c9d8f5b6-z3fw8] message repeated 734 times in the last 10s (sampled by log shipper)
2026-08-14 14:07:54,000 ERROR settle.db [settle-api-7c9d8f5b6-j7wq2] database not ready, retrying
Traceback (most recent call last):
  File "/usr/local/lib/python3.12/site-packages/sqlalchemy/engine/base.py", line 145, in __init__
    self._dbapi_connection = engine.raw_connection()
  File "/usr/local/lib/python3.12/site-packages/psycopg/connection.py", line 119, in connect
    raise last_ex.with_traceback(None)
psycopg.OperationalError: connection failed: connection to server at "10.43.12.7", port 5432 failed: FATAL:  sorry, too many clients already
(Background on this error at: https://sqlalche.me/e/20/e3q8)
2026-08-14 14:07:54,009 ERROR settle.db [settle-api-7c9d8f5b6-j7wq2] database not ready, retrying
Traceback (most recent call last):
  File "/usr/local/lib/python3.12/site-packages/sqlalchemy/engine/base.py", line 145, in __init__
    self._dbapi_connection = engine.raw_connection()
  File "/usr/local/lib/python3.12/site-packages/psycopg/connection.py", line 119, in connect
    raise last_ex.with_traceback(None)
psycopg.OperationalError: connection failed: connection to server at "10.43.12.7", port 5432 failed: FATAL:  sorry, too many clients already
(Background on this error at: https://sqlalche.me/e/20/e3q8)
2026-08-14 14:07:54,018 ERROR settle.db [settle-api-7c9d8f5b6-j7wq2] database not ready, retrying
Traceback (most recent call last):
  File "/usr/local/lib/python3.12/site-packages/sqlalchemy/engine/base.py", line 145, in __init__
    self._dbapi_connection = engine.raw_connection()
  File "/usr/local/lib/python3.12/site-packages/psycopg/connection.py", line 119, in connect
    raise last_ex.with_traceback(None)
psycopg.OperationalError: connection failed: connection to server at "10.43.12.7", port 5432 failed: FATAL:  sorry, too many clients already
(Background on this error at: https://sqlalche.me/e/20/e3q8)
2026-08-14 14:07:54,027 ERROR settle.db [settle-api-7c9d8f5b6-j7wq2] database not ready, retrying
Traceback (most recent call last):
  File "/usr/local/lib/python3.12/site-packages/sqlalchemy/engine/base.py", line 145, in __init__
    self._dbapi_connection = engine.raw_connection()
  File "/usr/local/lib/python3.12/site-packages/psycopg/connection.py", line 119, in connect
    raise last_ex.with_traceback(None)
psycopg.OperationalError: connection failed: connection to server at "10.43.12.7", port 5432 failed: FATAL:  sorry, too many clients already
(Background on this error at: https://sqlalche.me/e/20/e3q8)
... [settle-api-7c9d8f5b6-j7wq2] message repeated 700 times in the last 10s (sampled by log shipper)
2026-08-14 14:08:28,000 ERROR settle.db [settle-api-7c9d8f5b6-xk2lp] database not ready, retrying
Traceback (most recent call last):
  File "/usr/local/lib/python3.12/site-packages/sqlalchemy/engine/base.py", line 145, in __init__
    self._dbapi_connection = engine.raw_connection()
  File "/usr/local/lib/python3.12/site-packages/psycopg/connection.py", line 119, in connect
    raise last_ex.with_traceback(None)
psycopg.OperationalError: connection failed: connection to server at "10.43.12.7", port 5432 failed: FATAL:  sorry, too many clients already
(Background on this error at: https://sqlalche.me/e/20/e3q8)
2026-08-14 14:08:28,009 ERROR settle.db [settle-api-7c9d8f5b6-xk2lp] database not ready, retrying
Traceback (most recent call last):
  File "/usr/local/lib/python3.12/site-packages/sqlalchemy/engine/base.py", line 145, in __init__
    self._dbapi_connection = engine.raw_connection()
  File "/usr/local/lib/python3.12/site-packages/psycopg/connection.py", line 119, in connect
    raise last_ex.with_traceback(None)
psycopg.OperationalError: connection failed: connection to server at "10.43.12.7", port 5432 failed: FATAL:  sorry, too many clients already
(Background on this error at: https://sqlalche.me/e/20/e3q8)
2026-08-14 14:08:28,018 ERROR settle.db [settle-api-7c9d8f5b6-xk2lp] database not ready, retrying
Traceback (most recent call last):
  File "/usr/local/lib/python3.12/site-packages/sqlalchemy/engine/base.py", line 145, in __init__
    self._dbapi_connection = engine.raw_connection()
  File "/usr/local/lib/python3.12/site-packages/psycopg/connection.py", line 119, in connect
    raise last_ex.with_traceback(None)
psycopg.OperationalError: connection failed: connection to server at "10.43.12.7", port 5432 failed: FATAL:  sorry, too many clients already
(Background on this error at: https://sqlalche.me/e/20/e3q8)
... [settle-api-7c9d8f5b6-xk2lp] message repeated 886 times in the last 10s (sampled by log shipper)
2026-08-14 14:08:58,000 ERROR settle.db [settle-api-7c9d8f5b6-j7wq2] database not ready, retrying
Traceback (most recent call last):
  File "/usr/local/lib/python3.12/site-packages/sqlalchemy/engine/base.py", line 145, in __init__
    self._dbapi_connection = engine.raw_connection()
  File "/usr/local/lib/python3.12/site-packages/psycopg/connection.py", line 119, in connect
    raise last_ex.with_traceback(None)
psycopg.OperationalError: connection failed: connection to server at "10.43.12.7", port 5432 failed: FATAL:  sorry, too many clients already
(Background on this error at: https://sqlalche.me/e/20/e3q8)
2026-08-14 14:08:58,009 ERROR settle.db [settle-api-7c9d8f5b6-j7wq2] database not ready, retrying
Traceback (most recent call last):
  File "/usr/local/lib/python3.12/site-packages/sqlalchemy/engine/base.py", line 145, in __init__
    self._dbapi_connection = engine.raw_connection()
  File "/usr/local/lib/python3.12/site-packages/psycopg/connection.py", line 119, in connect
    raise last_ex.with_traceback(None)
psycopg.OperationalError: connection failed: connection to server at "10.43.12.7", port 5432 failed: FATAL:  sorry, too many clients already
(Background on this error at: https://sqlalche.me/e/20/e3q8)
2026-08-14 14:08:58,018 ERROR settle.db [settle-api-7c9d8f5b6-j7wq2] database not ready, retrying
Traceback (most recent call last):
  File "/usr/local/lib/python3.12/site-packages/sqlalchemy/engine/base.py", line 145, in __init__
    self._dbapi_connection = engine.raw_connection()
  File "/usr/local/lib/python3.12/site-packages/psycopg/connection.py", line 119, in connect
    raise last_ex.with_traceback(None)
psycopg.OperationalError: connection failed: connection to server at "10.43.12.7", port 5432 failed: FATAL:  sorry, too many clients already
(Background on this error at: https://sqlalche.me/e/20/e3q8)
2026-08-14 14:08:58,027 ERROR settle.db [settle-api-7c9d8f5b6-j7wq2] database not ready, retrying
Traceback (most recent call last):
  File "/usr/local/lib/python3.12/site-packages/sqlalchemy/engine/base.py", line 145, in __init__
    self._dbapi_connection = engine.raw_connection()
  File "/usr/local/lib/python3.12/site-packages/psycopg/connection.py", line 119, in connect
    raise last_ex.with_traceback(None)
psycopg.OperationalError: connection failed: connection to server at "10.43.12.7", port 5432 failed: FATAL:  sorry, too many clients already
(Background on this error at: https://sqlalche.me/e/20/e3q8)
2026-08-14 14:08:58,036 ERROR settle.db [settle-api-7c9d8f5b6-j7wq2] database not ready, retrying
Traceback (most recent call last):
  File "/usr/local/lib/python3.12/site-packages/sqlalchemy/engine/base.py", line 145, in __init__
    self._dbapi_connection = engine.raw_connection()
  File "/usr/local/lib/python3.12/site-packages/psycopg/connection.py", line 119, in connect
    raise last_ex.with_traceback(None)
psycopg.OperationalError: connection failed: connection to server at "10.43.12.7", port 5432 failed: FATAL:  sorry, too many clients already
(Background on this error at: https://sqlalche.me/e/20/e3q8)
... [settle-api-7c9d8f5b6-j7wq2] message repeated 681 times in the last 10s (sampled by log shipper)
2026-08-14 14:09:27,000 ERROR settle.db [settle-api-7c9d8f5b6-xk2lp] database not ready, retrying
Traceback (most recent call last):
  File "/usr/local/lib/python3.12/site-packages/sqlalchemy/engine/base.py", line 145, in __init__
    self._dbapi_connection = engine.raw_connection()
  File "/usr/local/lib/python3.12/site-packages/psycopg/connection.py", line 119, in connect
    raise last_ex.with_traceback(None)
psycopg.OperationalError: connection failed: connection to server at "10.43.12.7", port 5432 failed: FATAL:  sorry, too many clients already
(Background on this error at: https://sqlalche.me/e/20/e3q8)
2026-08-14 14:09:27,009 ERROR settle.db [settle-api-7c9d8f5b6-xk2lp] database not ready, retrying
Traceback (most recent call last):
  File "/usr/local/lib/python3.12/site-packages/sqlalchemy/engine/base.py", line 145, in __init__
    self._dbapi_connection = engine.raw_connection()
  File "/usr/local/lib/python3.12/site-packages/psycopg/connection.py", line 119, in connect
    raise last_ex.with_traceback(None)
psycopg.OperationalError: connection failed: connection to server at "10.43.12.7", port 5432 failed: FATAL:  sorry, too many clients already
(Background on this error at: https://sqlalche.me/e/20/e3q8)
2026-08-14 14:09:27,018 ERROR settle.db [settle-api-7c9d8f5b6-xk2lp] database not ready, retrying
Traceback (most recent call last):
  File "/usr/local/lib/python3.12/site-packages/sqlalchemy/engine/base.py", line 145, in __init__
    self._dbapi_connection = engine.raw_connection()
  File "/usr/local/lib/python3.12/site-packages/psycopg/connection.py", line 119, in connect
    raise last_ex.with_traceback(None)
psycopg.OperationalError: connection failed: connection to server at "10.43.12.7", port 5432 failed: FATAL:  sorry, too many clients already
(Background on this error at: https://sqlalche.me/e/20/e3q8)
... [settle-api-7c9d8f5b6-xk2lp] message repeated 814 times in the last 10s (sampled by log shipper)
2026-08-14 14:09:48,201 ERROR settle.api [settle-api-5b7f9c6d4-2mxkq] Exception in ASGI application
psycopg.errors.UndefinedColumn: column p.status does not exist
LINE 2: ...s.amount_minor, s.currency, s.status, p.status AS payo...
2026-08-14 14:09:48,201 ERROR settle.api [settle-api-5b7f9c6d4-8zv4t] Exception in ASGI application
psycopg.errors.UndefinedColumn: column p.status does not exist
LINE 2: ...s.amount_minor, s.currency, s.status, p.status AS payo...
2026-08-14 14:09:59,000 ERROR settle.db [settle-api-7c9d8f5b6-xk2lp] database not ready, retrying
Traceback (most recent call last):
  File "/usr/local/lib/python3.12/site-packages/sqlalchemy/engine/base.py", line 145, in __init__
    self._dbapi_connection = engine.raw_connection()
  File "/usr/local/lib/python3.12/site-packages/psycopg/connection.py", line 119, in connect
    raise last_ex.with_traceback(None)
psycopg.OperationalError: connection failed: connection to server at "10.43.12.7", port 5432 failed: FATAL:  sorry, too many clients already
(Background on this error at: https://sqlalche.me/e/20/e3q8)
2026-08-14 14:09:59,009 ERROR settle.db [settle-api-7c9d8f5b6-xk2lp] database not ready, retrying
Traceback (most recent call last):
  File "/usr/local/lib/python3.12/site-packages/sqlalchemy/engine/base.py", line 145, in __init__
    self._dbapi_connection = engine.raw_connection()
  File "/usr/local/lib/python3.12/site-packages/psycopg/connection.py", line 119, in connect
    raise last_ex.with_traceback(None)
psycopg.OperationalError: connection failed: connection to server at "10.43.12.7", port 5432 failed: FATAL:  sorry, too many clients already
(Background on this error at: https://sqlalche.me/e/20/e3q8)
2026-08-14 14:09:59,018 ERROR settle.db [settle-api-7c9d8f5b6-xk2lp] database not ready, retrying
Traceback (most recent call last):
  File "/usr/local/lib/python3.12/site-packages/sqlalchemy/engine/base.py", line 145, in __init__
    self._dbapi_connection = engine.raw_connection()
  File "/usr/local/lib/python3.12/site-packages/psycopg/connection.py", line 119, in connect
    raise last_ex.with_traceback(None)
psycopg.OperationalError: connection failed: connection to server at "10.43.12.7", port 5432 failed: FATAL:  sorry, too many clients already
(Background on this error at: https://sqlalche.me/e/20/e3q8)
2026-08-14 14:09:59,027 ERROR settle.db [settle-api-7c9d8f5b6-xk2lp] database not ready, retrying
Traceback (most recent call last):
  File "/usr/local/lib/python3.12/site-packages/sqlalchemy/engine/base.py", line 145, in __init__
    self._dbapi_connection = engine.raw_connection()
  File "/usr/local/lib/python3.12/site-packages/psycopg/connection.py", line 119, in connect
    raise last_ex.with_traceback(None)
psycopg.OperationalError: connection failed: connection to server at "10.43.12.7", port 5432 failed: FATAL:  sorry, too many clients already
(Background on this error at: https://sqlalche.me/e/20/e3q8)
2026-08-14 14:09:59,036 ERROR settle.db [settle-api-7c9d8f5b6-xk2lp] database not ready, retrying
Traceback (most recent call last):
  File "/usr/local/lib/python3.12/site-packages/sqlalchemy/engine/base.py", line 145, in __init__
    self._dbapi_connection = engine.raw_connection()
  File "/usr/local/lib/python3.12/site-packages/psycopg/connection.py", line 119, in connect
    raise last_ex.with_traceback(None)
psycopg.OperationalError: connection failed: connection to server at "10.43.12.7", port 5432 failed: FATAL:  sorry, too many clients already
(Background on this error at: https://sqlalche.me/e/20/e3q8)
2026-08-14 14:09:59,045 ERROR settle.db [settle-api-7c9d8f5b6-xk2lp] database not ready, retrying
Traceback (most recent call last):
  File "/usr/local/lib/python3.12/site-packages/sqlalchemy/engine/base.py", line 145, in __init__
    self._dbapi_connection = engine.raw_connection()
  File "/usr/local/lib/python3.12/site-packages/psycopg/connection.py", line 119, in connect
    raise last_ex.with_traceback(None)
psycopg.OperationalError: connection failed: connection to server at "10.43.12.7", port 5432 failed: FATAL:  sorry, too many clients already
(Background on this error at: https://sqlalche.me/e/20/e3q8)
... [settle-api-7c9d8f5b6-xk2lp] message repeated 776 times in the last 10s (sampled by log shipper)
2026-08-14 14:10:35,000 ERROR settle.db [settle-api-7c9d8f5b6-m2k9d] database not ready, retrying
Traceback (most recent call last):
  File "/usr/local/lib/python3.12/site-packages/sqlalchemy/engine/base.py", line 145, in __init__
    self._dbapi_connection = engine.raw_connection()
  File "/usr/local/lib/python3.12/site-packages/psycopg/connection.py", line 119, in connect
    raise last_ex.with_traceback(None)
psycopg.OperationalError: connection failed: connection to server at "10.43.12.7", port 5432 failed: FATAL:  sorry, too many clients already
(Background on this error at: https://sqlalche.me/e/20/e3q8)
2026-08-14 14:10:35,009 ERROR settle.db [settle-api-7c9d8f5b6-m2k9d] database not ready, retrying
Traceback (most recent call last):
  File "/usr/local/lib/python3.12/site-packages/sqlalchemy/engine/base.py", line 145, in __init__
    self._dbapi_connection = engine.raw_connection()
  File "/usr/local/lib/python3.12/site-packages/psycopg/connection.py", line 119, in connect
    raise last_ex.with_traceback(None)
psycopg.OperationalError: connection failed: connection to server at "10.43.12.7", port 5432 failed: FATAL:  sorry, too many clients already
(Background on this error at: https://sqlalche.me/e/20/e3q8)
2026-08-14 14:10:35,018 ERROR settle.db [settle-api-7c9d8f5b6-m2k9d] database not ready, retrying
Traceback (most recent call last):
  File "/usr/local/lib/python3.12/site-packages/sqlalchemy/engine/base.py", line 145, in __init__
    self._dbapi_connection = engine.raw_connection()
  File "/usr/local/lib/python3.12/site-packages/psycopg/connection.py", line 119, in connect
    raise last_ex.with_traceback(None)
psycopg.OperationalError: connection failed: connection to server at "10.43.12.7", port 5432 failed: FATAL:  sorry, too many clients already
(Background on this error at: https://sqlalche.me/e/20/e3q8)
2026-08-14 14:10:35,027 ERROR settle.db [settle-api-7c9d8f5b6-m2k9d] database not ready, retrying
Traceback (most recent call last):
  File "/usr/local/lib/python3.12/site-packages/sqlalchemy/engine/base.py", line 145, in __init__
    self._dbapi_connection = engine.raw_connection()
  File "/usr/local/lib/python3.12/site-packages/psycopg/connection.py", line 119, in connect
    raise last_ex.with_traceback(None)
psycopg.OperationalError: connection failed: connection to server at "10.43.12.7", port 5432 failed: FATAL:  sorry, too many clients already
(Background on this error at: https://sqlalche.me/e/20/e3q8)
2026-08-14 14:10:35,036 ERROR settle.db [settle-api-7c9d8f5b6-m2k9d] database not ready, retrying
Traceback (most recent call last):
  File "/usr/local/lib/python3.12/site-packages/sqlalchemy/engine/base.py", line 145, in __init__
    self._dbapi_connection = engine.raw_connection()
  File "/usr/local/lib/python3.12/site-packages/psycopg/connection.py", line 119, in connect
    raise last_ex.with_traceback(None)
psycopg.OperationalError: connection failed: connection to server at "10.43.12.7", port 5432 failed: FATAL:  sorry, too many clients already
(Background on this error at: https://sqlalche.me/e/20/e3q8)
... [settle-api-7c9d8f5b6-m2k9d] message repeated 722 times in the last 10s (sampled by log shipper)
2026-08-14 14:11:01,000 ERROR settle.db [settle-api-7c9d8f5b6-h4r7k] database not ready, retrying
Traceback (most recent call last):
  File "/usr/local/lib/python3.12/site-packages/sqlalchemy/engine/base.py", line 145, in __init__
    self._dbapi_connection = engine.raw_connection()
  File "/usr/local/lib/python3.12/site-packages/psycopg/connection.py", line 119, in connect
    raise last_ex.with_traceback(None)
psycopg.OperationalError: connection failed: connection to server at "10.43.12.7", port 5432 failed: FATAL:  sorry, too many clients already
(Background on this error at: https://sqlalche.me/e/20/e3q8)
2026-08-14 14:11:01,009 ERROR settle.db [settle-api-7c9d8f5b6-h4r7k] database not ready, retrying
Traceback (most recent call last):
  File "/usr/local/lib/python3.12/site-packages/sqlalchemy/engine/base.py", line 145, in __init__
    self._dbapi_connection = engine.raw_connection()
  File "/usr/local/lib/python3.12/site-packages/psycopg/connection.py", line 119, in connect
    raise last_ex.with_traceback(None)
psycopg.OperationalError: connection failed: connection to server at "10.43.12.7", port 5432 failed: FATAL:  sorry, too many clients already
(Background on this error at: https://sqlalche.me/e/20/e3q8)
2026-08-14 14:11:01,018 ERROR settle.db [settle-api-7c9d8f5b6-h4r7k] database not ready, retrying
Traceback (most recent call last):
  File "/usr/local/lib/python3.12/site-packages/sqlalchemy/engine/base.py", line 145, in __init__
    self._dbapi_connection = engine.raw_connection()
  File "/usr/local/lib/python3.12/site-packages/psycopg/connection.py", line 119, in connect
    raise last_ex.with_traceback(None)
psycopg.OperationalError: connection failed: connection to server at "10.43.12.7", port 5432 failed: FATAL:  sorry, too many clients already
(Background on this error at: https://sqlalche.me/e/20/e3q8)
... [settle-api-7c9d8f5b6-h4r7k] message repeated 867 times in the last 10s (sampled by log shipper)
2026-08-14 14:11:31,000 ERROR settle.db [settle-api-7c9d8f5b6-z3fw8] database not ready, retrying
Traceback (most recent call last):
  File "/usr/local/lib/python3.12/site-packages/sqlalchemy/engine/base.py", line 145, in __init__
    self._dbapi_connection = engine.raw_connection()
  File "/usr/local/lib/python3.12/site-packages/psycopg/connection.py", line 119, in connect
    raise last_ex.with_traceback(None)
psycopg.OperationalError: connection failed: connection to server at "10.43.12.7", port 5432 failed: FATAL:  sorry, too many clients already
(Background on this error at: https://sqlalche.me/e/20/e3q8)
2026-08-14 14:11:31,009 ERROR settle.db [settle-api-7c9d8f5b6-z3fw8] database not ready, retrying
Traceback (most recent call last):
  File "/usr/local/lib/python3.12/site-packages/sqlalchemy/engine/base.py", line 145, in __init__
    self._dbapi_connection = engine.raw_connection()
  File "/usr/local/lib/python3.12/site-packages/psycopg/connection.py", line 119, in connect
    raise last_ex.with_traceback(None)
psycopg.OperationalError: connection failed: connection to server at "10.43.12.7", port 5432 failed: FATAL:  sorry, too many clients already
(Background on this error at: https://sqlalche.me/e/20/e3q8)
2026-08-14 14:11:31,018 ERROR settle.db [settle-api-7c9d8f5b6-z3fw8] database not ready, retrying
Traceback (most recent call last):
  File "/usr/local/lib/python3.12/site-packages/sqlalchemy/engine/base.py", line 145, in __init__
    self._dbapi_connection = engine.raw_connection()
  File "/usr/local/lib/python3.12/site-packages/psycopg/connection.py", line 119, in connect
    raise last_ex.with_traceback(None)
psycopg.OperationalError: connection failed: connection to server at "10.43.12.7", port 5432 failed: FATAL:  sorry, too many clients already
(Background on this error at: https://sqlalche.me/e/20/e3q8)
2026-08-14 14:11:31,027 ERROR settle.db [settle-api-7c9d8f5b6-z3fw8] database not ready, retrying
Traceback (most recent call last):
  File "/usr/local/lib/python3.12/site-packages/sqlalchemy/engine/base.py", line 145, in __init__
    self._dbapi_connection = engine.raw_connection()
  File "/usr/local/lib/python3.12/site-packages/psycopg/connection.py", line 119, in connect
    raise last_ex.with_traceback(None)
psycopg.OperationalError: connection failed: connection to server at "10.43.12.7", port 5432 failed: FATAL:  sorry, too many clients already
(Background on this error at: https://sqlalche.me/e/20/e3q8)
2026-08-14 14:11:31,036 ERROR settle.db [settle-api-7c9d8f5b6-z3fw8] database not ready, retrying
Traceback (most recent call last):
  File "/usr/local/lib/python3.12/site-packages/sqlalchemy/engine/base.py", line 145, in __init__
    self._dbapi_connection = engine.raw_connection()
  File "/usr/local/lib/python3.12/site-packages/psycopg/connection.py", line 119, in connect
    raise last_ex.with_traceback(None)
psycopg.OperationalError: connection failed: connection to server at "10.43.12.7", port 5432 failed: FATAL:  sorry, too many clients already
(Background on this error at: https://sqlalche.me/e/20/e3q8)
... [settle-api-7c9d8f5b6-z3fw8] message repeated 712 times in the last 10s (sampled by log shipper)
2026-08-14 14:11:57,000 ERROR settle.db [settle-api-7c9d8f5b6-j7wq2] database not ready, retrying
Traceback (most recent call last):
  File "/usr/local/lib/python3.12/site-packages/sqlalchemy/engine/base.py", line 145, in __init__
    self._dbapi_connection = engine.raw_connection()
  File "/usr/local/lib/python3.12/site-packages/psycopg/connection.py", line 119, in connect
    raise last_ex.with_traceback(None)
psycopg.OperationalError: connection failed: connection to server at "10.43.12.7", port 5432 failed: FATAL:  sorry, too many clients already
(Background on this error at: https://sqlalche.me/e/20/e3q8)
2026-08-14 14:11:57,009 ERROR settle.db [settle-api-7c9d8f5b6-j7wq2] database not ready, retrying
Traceback (most recent call last):
  File "/usr/local/lib/python3.12/site-packages/sqlalchemy/engine/base.py", line 145, in __init__
    self._dbapi_connection = engine.raw_connection()
  File "/usr/local/lib/python3.12/site-packages/psycopg/connection.py", line 119, in connect
    raise last_ex.with_traceback(None)
psycopg.OperationalError: connection failed: connection to server at "10.43.12.7", port 5432 failed: FATAL:  sorry, too many clients already
(Background on this error at: https://sqlalche.me/e/20/e3q8)
2026-08-14 14:11:57,018 ERROR settle.db [settle-api-7c9d8f5b6-j7wq2] database not ready, retrying
Traceback (most recent call last):
  File "/usr/local/lib/python3.12/site-packages/sqlalchemy/engine/base.py", line 145, in __init__
    self._dbapi_connection = engine.raw_connection()
  File "/usr/local/lib/python3.12/site-packages/psycopg/connection.py", line 119, in connect
    raise last_ex.with_traceback(None)
psycopg.OperationalError: connection failed: connection to server at "10.43.12.7", port 5432 failed: FATAL:  sorry, too many clients already
(Background on this error at: https://sqlalche.me/e/20/e3q8)
2026-08-14 14:11:57,027 ERROR settle.db [settle-api-7c9d8f5b6-j7wq2] database not ready, retrying
Traceback (most recent call last):
  File "/usr/local/lib/python3.12/site-packages/sqlalchemy/engine/base.py", line 145, in __init__
    self._dbapi_connection = engine.raw_connection()
  File "/usr/local/lib/python3.12/site-packages/psycopg/connection.py", line 119, in connect
    raise last_ex.with_traceback(None)
psycopg.OperationalError: connection failed: connection to server at "10.43.12.7", port 5432 failed: FATAL:  sorry, too many clients already
(Background on this error at: https://sqlalche.me/e/20/e3q8)
2026-08-14 14:11:57,036 ERROR settle.db [settle-api-7c9d8f5b6-j7wq2] database not ready, retrying
Traceback (most recent call last):
  File "/usr/local/lib/python3.12/site-packages/sqlalchemy/engine/base.py", line 145, in __init__
    self._dbapi_connection = engine.raw_connection()
  File "/usr/local/lib/python3.12/site-packages/psycopg/connection.py", line 119, in connect
    raise last_ex.with_traceback(None)
psycopg.OperationalError: connection failed: connection to server at "10.43.12.7", port 5432 failed: FATAL:  sorry, too many clients already
(Background on this error at: https://sqlalche.me/e/20/e3q8)
2026-08-14 14:11:57,045 ERROR settle.db [settle-api-7c9d8f5b6-j7wq2] database not ready, retrying
Traceback (most recent call last):
  File "/usr/local/lib/python3.12/site-packages/sqlalchemy/engine/base.py", line 145, in __init__
    self._dbapi_connection = engine.raw_connection()
  File "/usr/local/lib/python3.12/site-packages/psycopg/connection.py", line 119, in connect
    raise last_ex.with_traceback(None)
psycopg.OperationalError: connection failed: connection to server at "10.43.12.7", port 5432 failed: FATAL:  sorry, too many clients already
(Background on this error at: https://sqlalche.me/e/20/e3q8)
... [settle-api-7c9d8f5b6-j7wq2] message repeated 682 times in the last 10s (sampled by log shipper)
2026-08-14 14:12:46,000 ERROR settle.db [settle-api-7c9d8f5b6-v9c2n] database not ready, retrying
Traceback (most recent call last):
  File "/usr/local/lib/python3.12/site-packages/sqlalchemy/engine/base.py", line 145, in __init__
    self._dbapi_connection = engine.raw_connection()
  File "/usr/local/lib/python3.12/site-packages/psycopg/connection.py", line 119, in connect
    raise last_ex.with_traceback(None)
psycopg.OperationalError: connection failed: connection to server at "10.43.12.7", port 5432 failed: FATAL:  sorry, too many clients already
(Background on this error at: https://sqlalche.me/e/20/e3q8)
2026-08-14 14:12:46,009 ERROR settle.db [settle-api-7c9d8f5b6-v9c2n] database not ready, retrying
Traceback (most recent call last):
  File "/usr/local/lib/python3.12/site-packages/sqlalchemy/engine/base.py", line 145, in __init__
    self._dbapi_connection = engine.raw_connection()
  File "/usr/local/lib/python3.12/site-packages/psycopg/connection.py", line 119, in connect
    raise last_ex.with_traceback(None)
psycopg.OperationalError: connection failed: connection to server at "10.43.12.7", port 5432 failed: FATAL:  sorry, too many clients already
(Background on this error at: https://sqlalche.me/e/20/e3q8)
2026-08-14 14:12:46,018 ERROR settle.db [settle-api-7c9d8f5b6-v9c2n] database not ready, retrying
Traceback (most recent call last):
  File "/usr/local/lib/python3.12/site-packages/sqlalchemy/engine/base.py", line 145, in __init__
    self._dbapi_connection = engine.raw_connection()
  File "/usr/local/lib/python3.12/site-packages/psycopg/connection.py", line 119, in connect
    raise last_ex.with_traceback(None)
psycopg.OperationalError: connection failed: connection to server at "10.43.12.7", port 5432 failed: FATAL:  sorry, too many clients already
(Background on this error at: https://sqlalche.me/e/20/e3q8)
2026-08-14 14:12:46,027 ERROR settle.db [settle-api-7c9d8f5b6-v9c2n] database not ready, retrying
Traceback (most recent call last):
  File "/usr/local/lib/python3.12/site-packages/sqlalchemy/engine/base.py", line 145, in __init__
    self._dbapi_connection = engine.raw_connection()
  File "/usr/local/lib/python3.12/site-packages/psycopg/connection.py", line 119, in connect
    raise last_ex.with_traceback(None)
psycopg.OperationalError: connection failed: connection to server at "10.43.12.7", port 5432 failed: FATAL:  sorry, too many clients already
(Background on this error at: https://sqlalche.me/e/20/e3q8)
2026-08-14 14:12:46,036 ERROR settle.db [settle-api-7c9d8f5b6-v9c2n] database not ready, retrying
Traceback (most recent call last):
  File "/usr/local/lib/python3.12/site-packages/sqlalchemy/engine/base.py", line 145, in __init__
    self._dbapi_connection = engine.raw_connection()
  File "/usr/local/lib/python3.12/site-packages/psycopg/connection.py", line 119, in connect
    raise last_ex.with_traceback(None)
psycopg.OperationalError: connection failed: connection to server at "10.43.12.7", port 5432 failed: FATAL:  sorry, too many clients already
(Background on this error at: https://sqlalche.me/e/20/e3q8)
2026-08-14 14:12:46,045 ERROR settle.db [settle-api-7c9d8f5b6-v9c2n] database not ready, retrying
Traceback (most recent call last):
  File "/usr/local/lib/python3.12/site-packages/sqlalchemy/engine/base.py", line 145, in __init__
    self._dbapi_connection = engine.raw_connection()
  File "/usr/local/lib/python3.12/site-packages/psycopg/connection.py", line 119, in connect
    raise last_ex.with_traceback(None)
psycopg.OperationalError: connection failed: connection to server at "10.43.12.7", port 5432 failed: FATAL:  sorry, too many clients already
(Background on this error at: https://sqlalche.me/e/20/e3q8)
... [settle-api-7c9d8f5b6-v9c2n] message repeated 675 times in the last 10s (sampled by log shipper)
2026-08-14 14:13:12,000 ERROR settle.db [settle-api-7c9d8f5b6-m2k9d] database not ready, retrying
Traceback (most recent call last):
  File "/usr/local/lib/python3.12/site-packages/sqlalchemy/engine/base.py", line 145, in __init__
    self._dbapi_connection = engine.raw_connection()
  File "/usr/local/lib/python3.12/site-packages/psycopg/connection.py", line 119, in connect
    raise last_ex.with_traceback(None)
psycopg.OperationalError: connection failed: connection to server at "10.43.12.7", port 5432 failed: FATAL:  sorry, too many clients already
(Background on this error at: https://sqlalche.me/e/20/e3q8)
2026-08-14 14:13:12,009 ERROR settle.db [settle-api-7c9d8f5b6-m2k9d] database not ready, retrying
Traceback (most recent call last):
  File "/usr/local/lib/python3.12/site-packages/sqlalchemy/engine/base.py", line 145, in __init__
    self._dbapi_connection = engine.raw_connection()
  File "/usr/local/lib/python3.12/site-packages/psycopg/connection.py", line 119, in connect
    raise last_ex.with_traceback(None)
psycopg.OperationalError: connection failed: connection to server at "10.43.12.7", port 5432 failed: FATAL:  sorry, too many clients already
(Background on this error at: https://sqlalche.me/e/20/e3q8)
2026-08-14 14:13:12,018 ERROR settle.db [settle-api-7c9d8f5b6-m2k9d] database not ready, retrying
Traceback (most recent call last):
  File "/usr/local/lib/python3.12/site-packages/sqlalchemy/engine/base.py", line 145, in __init__
    self._dbapi_connection = engine.raw_connection()
  File "/usr/local/lib/python3.12/site-packages/psycopg/connection.py", line 119, in connect
    raise last_ex.with_traceback(None)
psycopg.OperationalError: connection failed: connection to server at "10.43.12.7", port 5432 failed: FATAL:  sorry, too many clients already
(Background on this error at: https://sqlalche.me/e/20/e3q8)
... [settle-api-7c9d8f5b6-m2k9d] message repeated 867 times in the last 10s (sampled by log shipper)
2026-08-14 14:13:45,000 ERROR settle.db [settle-api-7c9d8f5b6-r5tzm] database not ready, retrying
Traceback (most recent call last):
  File "/usr/local/lib/python3.12/site-packages/sqlalchemy/engine/base.py", line 145, in __init__
    self._dbapi_connection = engine.raw_connection()
  File "/usr/local/lib/python3.12/site-packages/psycopg/connection.py", line 119, in connect
    raise last_ex.with_traceback(None)
psycopg.OperationalError: connection failed: connection to server at "10.43.12.7", port 5432 failed: FATAL:  sorry, too many clients already
(Background on this error at: https://sqlalche.me/e/20/e3q8)
2026-08-14 14:13:45,009 ERROR settle.db [settle-api-7c9d8f5b6-r5tzm] database not ready, retrying
Traceback (most recent call last):
  File "/usr/local/lib/python3.12/site-packages/sqlalchemy/engine/base.py", line 145, in __init__
    self._dbapi_connection = engine.raw_connection()
  File "/usr/local/lib/python3.12/site-packages/psycopg/connection.py", line 119, in connect
    raise last_ex.with_traceback(None)
psycopg.OperationalError: connection failed: connection to server at "10.43.12.7", port 5432 failed: FATAL:  sorry, too many clients already
(Background on this error at: https://sqlalche.me/e/20/e3q8)
2026-08-14 14:13:45,018 ERROR settle.db [settle-api-7c9d8f5b6-r5tzm] database not ready, retrying
Traceback (most recent call last):
  File "/usr/local/lib/python3.12/site-packages/sqlalchemy/engine/base.py", line 145, in __init__
    self._dbapi_connection = engine.raw_connection()
  File "/usr/local/lib/python3.12/site-packages/psycopg/connection.py", line 119, in connect
    raise last_ex.with_traceback(None)
psycopg.OperationalError: connection failed: connection to server at "10.43.12.7", port 5432 failed: FATAL:  sorry, too many clients already
(Background on this error at: https://sqlalche.me/e/20/e3q8)
2026-08-14 14:13:45,027 ERROR settle.db [settle-api-7c9d8f5b6-r5tzm] database not ready, retrying
Traceback (most recent call last):
  File "/usr/local/lib/python3.12/site-packages/sqlalchemy/engine/base.py", line 145, in __init__
    self._dbapi_connection = engine.raw_connection()
  File "/usr/local/lib/python3.12/site-packages/psycopg/connection.py", line 119, in connect
    raise last_ex.with_traceback(None)
psycopg.OperationalError: connection failed: connection to server at "10.43.12.7", port 5432 failed: FATAL:  sorry, too many clients already
(Background on this error at: https://sqlalche.me/e/20/e3q8)
... [settle-api-7c9d8f5b6-r5tzm] message repeated 654 times in the last 10s (sampled by log shipper)
2026-08-14 14:14:13,000 ERROR settle.db [settle-api-7c9d8f5b6-r5tzm] database not ready, retrying
Traceback (most recent call last):
  File "/usr/local/lib/python3.12/site-packages/sqlalchemy/engine/base.py", line 145, in __init__
    self._dbapi_connection = engine.raw_connection()
  File "/usr/local/lib/python3.12/site-packages/psycopg/connection.py", line 119, in connect
    raise last_ex.with_traceback(None)
psycopg.OperationalError: connection failed: connection to server at "10.43.12.7", port 5432 failed: FATAL:  sorry, too many clients already
(Background on this error at: https://sqlalche.me/e/20/e3q8)
2026-08-14 14:14:13,009 ERROR settle.db [settle-api-7c9d8f5b6-r5tzm] database not ready, retrying
Traceback (most recent call last):
  File "/usr/local/lib/python3.12/site-packages/sqlalchemy/engine/base.py", line 145, in __init__
    self._dbapi_connection = engine.raw_connection()
  File "/usr/local/lib/python3.12/site-packages/psycopg/connection.py", line 119, in connect
    raise last_ex.with_traceback(None)
psycopg.OperationalError: connection failed: connection to server at "10.43.12.7", port 5432 failed: FATAL:  sorry, too many clients already
(Background on this error at: https://sqlalche.me/e/20/e3q8)
2026-08-14 14:14:13,018 ERROR settle.db [settle-api-7c9d8f5b6-r5tzm] database not ready, retrying
Traceback (most recent call last):
  File "/usr/local/lib/python3.12/site-packages/sqlalchemy/engine/base.py", line 145, in __init__
    self._dbapi_connection = engine.raw_connection()
  File "/usr/local/lib/python3.12/site-packages/psycopg/connection.py", line 119, in connect
    raise last_ex.with_traceback(None)
psycopg.OperationalError: connection failed: connection to server at "10.43.12.7", port 5432 failed: FATAL:  sorry, too many clients already
(Background on this error at: https://sqlalche.me/e/20/e3q8)
2026-08-14 14:14:13,027 ERROR settle.db [settle-api-7c9d8f5b6-r5tzm] database not ready, retrying
Traceback (most recent call last):
  File "/usr/local/lib/python3.12/site-packages/sqlalchemy/engine/base.py", line 145, in __init__
    self._dbapi_connection = engine.raw_connection()
  File "/usr/local/lib/python3.12/site-packages/psycopg/connection.py", line 119, in connect
    raise last_ex.with_traceback(None)
psycopg.OperationalError: connection failed: connection to server at "10.43.12.7", port 5432 failed: FATAL:  sorry, too many clients already
(Background on this error at: https://sqlalche.me/e/20/e3q8)
2026-08-14 14:14:13,036 ERROR settle.db [settle-api-7c9d8f5b6-r5tzm] database not ready, retrying
Traceback (most recent call last):
  File "/usr/local/lib/python3.12/site-packages/sqlalchemy/engine/base.py", line 145, in __init__
    self._dbapi_connection = engine.raw_connection()
  File "/usr/local/lib/python3.12/site-packages/psycopg/connection.py", line 119, in connect
    raise last_ex.with_traceback(None)
psycopg.OperationalError: connection failed: connection to server at "10.43.12.7", port 5432 failed: FATAL:  sorry, too many clients already
(Background on this error at: https://sqlalche.me/e/20/e3q8)
2026-08-14 14:14:13,045 ERROR settle.db [settle-api-7c9d8f5b6-r5tzm] database not ready, retrying
Traceback (most recent call last):
  File "/usr/local/lib/python3.12/site-packages/sqlalchemy/engine/base.py", line 145, in __init__
    self._dbapi_connection = engine.raw_connection()
  File "/usr/local/lib/python3.12/site-packages/psycopg/connection.py", line 119, in connect
    raise last_ex.with_traceback(None)
psycopg.OperationalError: connection failed: connection to server at "10.43.12.7", port 5432 failed: FATAL:  sorry, too many clients already
(Background on this error at: https://sqlalche.me/e/20/e3q8)
... [settle-api-7c9d8f5b6-r5tzm] message repeated 710 times in the last 10s (sampled by log shipper)
2026-08-14 14:14:53,000 ERROR settle.db [settle-api-7c9d8f5b6-j7wq2] database not ready, retrying
Traceback (most recent call last):
  File "/usr/local/lib/python3.12/site-packages/sqlalchemy/engine/base.py", line 145, in __init__
    self._dbapi_connection = engine.raw_connection()
  File "/usr/local/lib/python3.12/site-packages/psycopg/connection.py", line 119, in connect
    raise last_ex.with_traceback(None)
psycopg.OperationalError: connection failed: connection to server at "10.43.12.7", port 5432 failed: FATAL:  sorry, too many clients already
(Background on this error at: https://sqlalche.me/e/20/e3q8)
2026-08-14 14:14:53,009 ERROR settle.db [settle-api-7c9d8f5b6-j7wq2] database not ready, retrying
Traceback (most recent call last):
  File "/usr/local/lib/python3.12/site-packages/sqlalchemy/engine/base.py", line 145, in __init__
    self._dbapi_connection = engine.raw_connection()
  File "/usr/local/lib/python3.12/site-packages/psycopg/connection.py", line 119, in connect
    raise last_ex.with_traceback(None)
psycopg.OperationalError: connection failed: connection to server at "10.43.12.7", port 5432 failed: FATAL:  sorry, too many clients already
(Background on this error at: https://sqlalche.me/e/20/e3q8)
2026-08-14 14:14:53,018 ERROR settle.db [settle-api-7c9d8f5b6-j7wq2] database not ready, retrying
Traceback (most recent call last):
  File "/usr/local/lib/python3.12/site-packages/sqlalchemy/engine/base.py", line 145, in __init__
    self._dbapi_connection = engine.raw_connection()
  File "/usr/local/lib/python3.12/site-packages/psycopg/connection.py", line 119, in connect
    raise last_ex.with_traceback(None)
psycopg.OperationalError: connection failed: connection to server at "10.43.12.7", port 5432 failed: FATAL:  sorry, too many clients already
(Background on this error at: https://sqlalche.me/e/20/e3q8)
... [settle-api-7c9d8f5b6-j7wq2] message repeated 646 times in the last 10s (sampled by log shipper)
2026-08-14 14:15:42,000 ERROR settle.db [settle-api-7c9d8f5b6-v9c2n] database not ready, retrying
Traceback (most recent call last):
  File "/usr/local/lib/python3.12/site-packages/sqlalchemy/engine/base.py", line 145, in __init__
    self._dbapi_connection = engine.raw_connection()
  File "/usr/local/lib/python3.12/site-packages/psycopg/connection.py", line 119, in connect
    raise last_ex.with_traceback(None)
psycopg.OperationalError: connection failed: connection to server at "10.43.12.7", port 5432 failed: FATAL:  sorry, too many clients already
(Background on this error at: https://sqlalche.me/e/20/e3q8)
2026-08-14 14:15:42,009 ERROR settle.db [settle-api-7c9d8f5b6-v9c2n] database not ready, retrying
Traceback (most recent call last):
  File "/usr/local/lib/python3.12/site-packages/sqlalchemy/engine/base.py", line 145, in __init__
    self._dbapi_connection = engine.raw_connection()
  File "/usr/local/lib/python3.12/site-packages/psycopg/connection.py", line 119, in connect
    raise last_ex.with_traceback(None)
psycopg.OperationalError: connection failed: connection to server at "10.43.12.7", port 5432 failed: FATAL:  sorry, too many clients already
(Background on this error at: https://sqlalche.me/e/20/e3q8)
2026-08-14 14:15:42,018 ERROR settle.db [settle-api-7c9d8f5b6-v9c2n] database not ready, retrying
Traceback (most recent call last):
  File "/usr/local/lib/python3.12/site-packages/sqlalchemy/engine/base.py", line 145, in __init__
    self._dbapi_connection = engine.raw_connection()
  File "/usr/local/lib/python3.12/site-packages/psycopg/connection.py", line 119, in connect
    raise last_ex.with_traceback(None)
psycopg.OperationalError: connection failed: connection to server at "10.43.12.7", port 5432 failed: FATAL:  sorry, too many clients already
(Background on this error at: https://sqlalche.me/e/20/e3q8)
2026-08-14 14:15:42,027 ERROR settle.db [settle-api-7c9d8f5b6-v9c2n] database not ready, retrying
Traceback (most recent call last):
  File "/usr/local/lib/python3.12/site-packages/sqlalchemy/engine/base.py", line 145, in __init__
    self._dbapi_connection = engine.raw_connection()
  File "/usr/local/lib/python3.12/site-packages/psycopg/connection.py", line 119, in connect
    raise last_ex.with_traceback(None)
psycopg.OperationalError: connection failed: connection to server at "10.43.12.7", port 5432 failed: FATAL:  sorry, too many clients already
(Background on this error at: https://sqlalche.me/e/20/e3q8)
... [settle-api-7c9d8f5b6-v9c2n] message repeated 796 times in the last 10s (sampled by log shipper)
2026-08-14 14:16:22,000 ERROR settle.db [settle-api-7c9d8f5b6-r5tzm] database not ready, retrying
Traceback (most recent call last):
  File "/usr/local/lib/python3.12/site-packages/sqlalchemy/engine/base.py", line 145, in __init__
    self._dbapi_connection = engine.raw_connection()
  File "/usr/local/lib/python3.12/site-packages/psycopg/connection.py", line 119, in connect
    raise last_ex.with_traceback(None)
psycopg.OperationalError: connection failed: connection to server at "10.43.12.7", port 5432 failed: FATAL:  sorry, too many clients already
(Background on this error at: https://sqlalche.me/e/20/e3q8)
2026-08-14 14:16:22,009 ERROR settle.db [settle-api-7c9d8f5b6-r5tzm] database not ready, retrying
Traceback (most recent call last):
  File "/usr/local/lib/python3.12/site-packages/sqlalchemy/engine/base.py", line 145, in __init__
    self._dbapi_connection = engine.raw_connection()
  File "/usr/local/lib/python3.12/site-packages/psycopg/connection.py", line 119, in connect
    raise last_ex.with_traceback(None)
psycopg.OperationalError: connection failed: connection to server at "10.43.12.7", port 5432 failed: FATAL:  sorry, too many clients already
(Background on this error at: https://sqlalche.me/e/20/e3q8)
2026-08-14 14:16:22,018 ERROR settle.db [settle-api-7c9d8f5b6-r5tzm] database not ready, retrying
Traceback (most recent call last):
  File "/usr/local/lib/python3.12/site-packages/sqlalchemy/engine/base.py", line 145, in __init__
    self._dbapi_connection = engine.raw_connection()
  File "/usr/local/lib/python3.12/site-packages/psycopg/connection.py", line 119, in connect
    raise last_ex.with_traceback(None)
psycopg.OperationalError: connection failed: connection to server at "10.43.12.7", port 5432 failed: FATAL:  sorry, too many clients already
(Background on this error at: https://sqlalche.me/e/20/e3q8)
2026-08-14 14:16:22,027 ERROR settle.db [settle-api-7c9d8f5b6-r5tzm] database not ready, retrying
Traceback (most recent call last):
  File "/usr/local/lib/python3.12/site-packages/sqlalchemy/engine/base.py", line 145, in __init__
    self._dbapi_connection = engine.raw_connection()
  File "/usr/local/lib/python3.12/site-packages/psycopg/connection.py", line 119, in connect
    raise last_ex.with_traceback(None)
psycopg.OperationalError: connection failed: connection to server at "10.43.12.7", port 5432 failed: FATAL:  sorry, too many clients already
(Background on this error at: https://sqlalche.me/e/20/e3q8)
2026-08-14 14:16:22,036 ERROR settle.db [settle-api-7c9d8f5b6-r5tzm] database not ready, retrying
Traceback (most recent call last):
  File "/usr/local/lib/python3.12/site-packages/sqlalchemy/engine/base.py", line 145, in __init__
    self._dbapi_connection = engine.raw_connection()
  File "/usr/local/lib/python3.12/site-packages/psycopg/connection.py", line 119, in connect
    raise last_ex.with_traceback(None)
psycopg.OperationalError: connection failed: connection to server at "10.43.12.7", port 5432 failed: FATAL:  sorry, too many clients already
(Background on this error at: https://sqlalche.me/e/20/e3q8)
... [settle-api-7c9d8f5b6-r5tzm] message repeated 678 times in the last 10s (sampled by log shipper)
2026-08-14 14:17:08,000 ERROR settle.db [settle-api-7c9d8f5b6-h4r7k] database not ready, retrying
Traceback (most recent call last):
  File "/usr/local/lib/python3.12/site-packages/sqlalchemy/engine/base.py", line 145, in __init__
    self._dbapi_connection = engine.raw_connection()
  File "/usr/local/lib/python3.12/site-packages/psycopg/connection.py", line 119, in connect
    raise last_ex.with_traceback(None)
psycopg.OperationalError: connection failed: connection to server at "10.43.12.7", port 5432 failed: FATAL:  sorry, too many clients already
(Background on this error at: https://sqlalche.me/e/20/e3q8)
2026-08-14 14:17:08,009 ERROR settle.db [settle-api-7c9d8f5b6-h4r7k] database not ready, retrying
Traceback (most recent call last):
  File "/usr/local/lib/python3.12/site-packages/sqlalchemy/engine/base.py", line 145, in __init__
    self._dbapi_connection = engine.raw_connection()
  File "/usr/local/lib/python3.12/site-packages/psycopg/connection.py", line 119, in connect
    raise last_ex.with_traceback(None)
psycopg.OperationalError: connection failed: connection to server at "10.43.12.7", port 5432 failed: FATAL:  sorry, too many clients already
(Background on this error at: https://sqlalche.me/e/20/e3q8)
2026-08-14 14:17:08,018 ERROR settle.db [settle-api-7c9d8f5b6-h4r7k] database not ready, retrying
Traceback (most recent call last):
  File "/usr/local/lib/python3.12/site-packages/sqlalchemy/engine/base.py", line 145, in __init__
    self._dbapi_connection = engine.raw_connection()
  File "/usr/local/lib/python3.12/site-packages/psycopg/connection.py", line 119, in connect
    raise last_ex.with_traceback(None)
psycopg.OperationalError: connection failed: connection to server at "10.43.12.7", port 5432 failed: FATAL:  sorry, too many clients already
(Background on this error at: https://sqlalche.me/e/20/e3q8)
2026-08-14 14:17:08,027 ERROR settle.db [settle-api-7c9d8f5b6-h4r7k] database not ready, retrying
Traceback (most recent call last):
  File "/usr/local/lib/python3.12/site-packages/sqlalchemy/engine/base.py", line 145, in __init__
    self._dbapi_connection = engine.raw_connection()
  File "/usr/local/lib/python3.12/site-packages/psycopg/connection.py", line 119, in connect
    raise last_ex.with_traceback(None)
psycopg.OperationalError: connection failed: connection to server at "10.43.12.7", port 5432 failed: FATAL:  sorry, too many clients already
(Background on this error at: https://sqlalche.me/e/20/e3q8)
... [settle-api-7c9d8f5b6-h4r7k] message repeated 666 times in the last 10s (sampled by log shipper)
2026-08-14 14:17:44,000 ERROR settle.db [settle-api-7c9d8f5b6-h4r7k] database not ready, retrying
Traceback (most recent call last):
  File "/usr/local/lib/python3.12/site-packages/sqlalchemy/engine/base.py", line 145, in __init__
    self._dbapi_connection = engine.raw_connection()
  File "/usr/local/lib/python3.12/site-packages/psycopg/connection.py", line 119, in connect
    raise last_ex.with_traceback(None)
psycopg.OperationalError: connection failed: connection to server at "10.43.12.7", port 5432 failed: FATAL:  sorry, too many clients already
(Background on this error at: https://sqlalche.me/e/20/e3q8)
2026-08-14 14:17:44,009 ERROR settle.db [settle-api-7c9d8f5b6-h4r7k] database not ready, retrying
Traceback (most recent call last):
  File "/usr/local/lib/python3.12/site-packages/sqlalchemy/engine/base.py", line 145, in __init__
    self._dbapi_connection = engine.raw_connection()
  File "/usr/local/lib/python3.12/site-packages/psycopg/connection.py", line 119, in connect
    raise last_ex.with_traceback(None)
psycopg.OperationalError: connection failed: connection to server at "10.43.12.7", port 5432 failed: FATAL:  sorry, too many clients already
(Background on this error at: https://sqlalche.me/e/20/e3q8)
2026-08-14 14:17:44,018 ERROR settle.db [settle-api-7c9d8f5b6-h4r7k] database not ready, retrying
Traceback (most recent call last):
  File "/usr/local/lib/python3.12/site-packages/sqlalchemy/engine/base.py", line 145, in __init__
    self._dbapi_connection = engine.raw_connection()
  File "/usr/local/lib/python3.12/site-packages/psycopg/connection.py", line 119, in connect
    raise last_ex.with_traceback(None)
psycopg.OperationalError: connection failed: connection to server at "10.43.12.7", port 5432 failed: FATAL:  sorry, too many clients already
(Background on this error at: https://sqlalche.me/e/20/e3q8)
2026-08-14 14:17:44,027 ERROR settle.db [settle-api-7c9d8f5b6-h4r7k] database not ready, retrying
Traceback (most recent call last):
  File "/usr/local/lib/python3.12/site-packages/sqlalchemy/engine/base.py", line 145, in __init__
    self._dbapi_connection = engine.raw_connection()
  File "/usr/local/lib/python3.12/site-packages/psycopg/connection.py", line 119, in connect
    raise last_ex.with_traceback(None)
psycopg.OperationalError: connection failed: connection to server at "10.43.12.7", port 5432 failed: FATAL:  sorry, too many clients already
(Background on this error at: https://sqlalche.me/e/20/e3q8)
... [settle-api-7c9d8f5b6-h4r7k] message repeated 815 times in the last 10s (sampled by log shipper)
2026-08-14 14:18:31,000 ERROR settle.db [settle-api-7c9d8f5b6-m2k9d] database not ready, retrying
Traceback (most recent call last):
  File "/usr/local/lib/python3.12/site-packages/sqlalchemy/engine/base.py", line 145, in __init__
    self._dbapi_connection = engine.raw_connection()
  File "/usr/local/lib/python3.12/site-packages/psycopg/connection.py", line 119, in connect
    raise last_ex.with_traceback(None)
psycopg.OperationalError: connection failed: connection to server at "10.43.12.7", port 5432 failed: FATAL:  sorry, too many clients already
(Background on this error at: https://sqlalche.me/e/20/e3q8)
2026-08-14 14:18:31,009 ERROR settle.db [settle-api-7c9d8f5b6-m2k9d] database not ready, retrying
Traceback (most recent call last):
  File "/usr/local/lib/python3.12/site-packages/sqlalchemy/engine/base.py", line 145, in __init__
    self._dbapi_connection = engine.raw_connection()
  File "/usr/local/lib/python3.12/site-packages/psycopg/connection.py", line 119, in connect
    raise last_ex.with_traceback(None)
psycopg.OperationalError: connection failed: connection to server at "10.43.12.7", port 5432 failed: FATAL:  sorry, too many clients already
(Background on this error at: https://sqlalche.me/e/20/e3q8)
2026-08-14 14:18:31,018 ERROR settle.db [settle-api-7c9d8f5b6-m2k9d] database not ready, retrying
Traceback (most recent call last):
  File "/usr/local/lib/python3.12/site-packages/sqlalchemy/engine/base.py", line 145, in __init__
    self._dbapi_connection = engine.raw_connection()
  File "/usr/local/lib/python3.12/site-packages/psycopg/connection.py", line 119, in connect
    raise last_ex.with_traceback(None)
psycopg.OperationalError: connection failed: connection to server at "10.43.12.7", port 5432 failed: FATAL:  sorry, too many clients already
(Background on this error at: https://sqlalche.me/e/20/e3q8)
2026-08-14 14:18:31,027 ERROR settle.db [settle-api-7c9d8f5b6-m2k9d] database not ready, retrying
Traceback (most recent call last):
  File "/usr/local/lib/python3.12/site-packages/sqlalchemy/engine/base.py", line 145, in __init__
    self._dbapi_connection = engine.raw_connection()
  File "/usr/local/lib/python3.12/site-packages/psycopg/connection.py", line 119, in connect
    raise last_ex.with_traceback(None)
psycopg.OperationalError: connection failed: connection to server at "10.43.12.7", port 5432 failed: FATAL:  sorry, too many clients already
(Background on this error at: https://sqlalche.me/e/20/e3q8)
... [settle-api-7c9d8f5b6-m2k9d] message repeated 907 times in the last 10s (sampled by log shipper)
2026-08-14 14:19:09,000 ERROR settle.db [settle-api-7c9d8f5b6-r5tzm] database not ready, retrying
Traceback (most recent call last):
  File "/usr/local/lib/python3.12/site-packages/sqlalchemy/engine/base.py", line 145, in __init__
    self._dbapi_connection = engine.raw_connection()
  File "/usr/local/lib/python3.12/site-packages/psycopg/connection.py", line 119, in connect
    raise last_ex.with_traceback(None)
psycopg.OperationalError: connection failed: connection to server at "10.43.12.7", port 5432 failed: FATAL:  sorry, too many clients already
(Background on this error at: https://sqlalche.me/e/20/e3q8)
2026-08-14 14:19:09,009 ERROR settle.db [settle-api-7c9d8f5b6-r5tzm] database not ready, retrying
Traceback (most recent call last):
  File "/usr/local/lib/python3.12/site-packages/sqlalchemy/engine/base.py", line 145, in __init__
    self._dbapi_connection = engine.raw_connection()
  File "/usr/local/lib/python3.12/site-packages/psycopg/connection.py", line 119, in connect
    raise last_ex.with_traceback(None)
psycopg.OperationalError: connection failed: connection to server at "10.43.12.7", port 5432 failed: FATAL:  sorry, too many clients already
(Background on this error at: https://sqlalche.me/e/20/e3q8)
2026-08-14 14:19:09,018 ERROR settle.db [settle-api-7c9d8f5b6-r5tzm] database not ready, retrying
Traceback (most recent call last):
  File "/usr/local/lib/python3.12/site-packages/sqlalchemy/engine/base.py", line 145, in __init__
    self._dbapi_connection = engine.raw_connection()
  File "/usr/local/lib/python3.12/site-packages/psycopg/connection.py", line 119, in connect
    raise last_ex.with_traceback(None)
psycopg.OperationalError: connection failed: connection to server at "10.43.12.7", port 5432 failed: FATAL:  sorry, too many clients already
(Background on this error at: https://sqlalche.me/e/20/e3q8)
2026-08-14 14:19:09,027 ERROR settle.db [settle-api-7c9d8f5b6-r5tzm] database not ready, retrying
Traceback (most recent call last):
  File "/usr/local/lib/python3.12/site-packages/sqlalchemy/engine/base.py", line 145, in __init__
    self._dbapi_connection = engine.raw_connection()
  File "/usr/local/lib/python3.12/site-packages/psycopg/connection.py", line 119, in connect
    raise last_ex.with_traceback(None)
psycopg.OperationalError: connection failed: connection to server at "10.43.12.7", port 5432 failed: FATAL:  sorry, too many clients already
(Background on this error at: https://sqlalche.me/e/20/e3q8)
... [settle-api-7c9d8f5b6-r5tzm] message repeated 677 times in the last 10s (sampled by log shipper)
2026-08-14 14:19:54,000 ERROR settle.db [settle-api-7c9d8f5b6-j7wq2] database not ready, retrying
Traceback (most recent call last):
  File "/usr/local/lib/python3.12/site-packages/sqlalchemy/engine/base.py", line 145, in __init__
    self._dbapi_connection = engine.raw_connection()
  File "/usr/local/lib/python3.12/site-packages/psycopg/connection.py", line 119, in connect
    raise last_ex.with_traceback(None)
psycopg.OperationalError: connection failed: connection to server at "10.43.12.7", port 5432 failed: FATAL:  sorry, too many clients already
(Background on this error at: https://sqlalche.me/e/20/e3q8)
2026-08-14 14:19:54,009 ERROR settle.db [settle-api-7c9d8f5b6-j7wq2] database not ready, retrying
Traceback (most recent call last):
  File "/usr/local/lib/python3.12/site-packages/sqlalchemy/engine/base.py", line 145, in __init__
    self._dbapi_connection = engine.raw_connection()
  File "/usr/local/lib/python3.12/site-packages/psycopg/connection.py", line 119, in connect
    raise last_ex.with_traceback(None)
psycopg.OperationalError: connection failed: connection to server at "10.43.12.7", port 5432 failed: FATAL:  sorry, too many clients already
(Background on this error at: https://sqlalche.me/e/20/e3q8)
2026-08-14 14:19:54,018 ERROR settle.db [settle-api-7c9d8f5b6-j7wq2] database not ready, retrying
Traceback (most recent call last):
  File "/usr/local/lib/python3.12/site-packages/sqlalchemy/engine/base.py", line 145, in __init__
    self._dbapi_connection = engine.raw_connection()
  File "/usr/local/lib/python3.12/site-packages/psycopg/connection.py", line 119, in connect
    raise last_ex.with_traceback(None)
psycopg.OperationalError: connection failed: connection to server at "10.43.12.7", port 5432 failed: FATAL:  sorry, too many clients already
(Background on this error at: https://sqlalche.me/e/20/e3q8)
2026-08-14 14:19:54,027 ERROR settle.db [settle-api-7c9d8f5b6-j7wq2] database not ready, retrying
Traceback (most recent call last):
  File "/usr/local/lib/python3.12/site-packages/sqlalchemy/engine/base.py", line 145, in __init__
    self._dbapi_connection = engine.raw_connection()
  File "/usr/local/lib/python3.12/site-packages/psycopg/connection.py", line 119, in connect
    raise last_ex.with_traceback(None)
psycopg.OperationalError: connection failed: connection to server at "10.43.12.7", port 5432 failed: FATAL:  sorry, too many clients already
(Background on this error at: https://sqlalche.me/e/20/e3q8)
2026-08-14 14:19:54,036 ERROR settle.db [settle-api-7c9d8f5b6-j7wq2] database not ready, retrying
Traceback (most recent call last):
  File "/usr/local/lib/python3.12/site-packages/sqlalchemy/engine/base.py", line 145, in __init__
    self._dbapi_connection = engine.raw_connection()
  File "/usr/local/lib/python3.12/site-packages/psycopg/connection.py", line 119, in connect
    raise last_ex.with_traceback(None)
psycopg.OperationalError: connection failed: connection to server at "10.43.12.7", port 5432 failed: FATAL:  sorry, too many clients already
(Background on this error at: https://sqlalche.me/e/20/e3q8)
... [settle-api-7c9d8f5b6-j7wq2] message repeated 851 times in the last 10s (sampled by log shipper)
2026-08-14 14:20:39,000 ERROR settle.db [settle-api-7c9d8f5b6-b4n8s] database not ready, retrying
Traceback (most recent call last):
  File "/usr/local/lib/python3.12/site-packages/sqlalchemy/engine/base.py", line 145, in __init__
    self._dbapi_connection = engine.raw_connection()
  File "/usr/local/lib/python3.12/site-packages/psycopg/connection.py", line 119, in connect
    raise last_ex.with_traceback(None)
psycopg.OperationalError: connection failed: connection to server at "10.43.12.7", port 5432 failed: FATAL:  sorry, too many clients already
(Background on this error at: https://sqlalche.me/e/20/e3q8)
2026-08-14 14:20:39,009 ERROR settle.db [settle-api-7c9d8f5b6-b4n8s] database not ready, retrying
Traceback (most recent call last):
  File "/usr/local/lib/python3.12/site-packages/sqlalchemy/engine/base.py", line 145, in __init__
    self._dbapi_connection = engine.raw_connection()
  File "/usr/local/lib/python3.12/site-packages/psycopg/connection.py", line 119, in connect
    raise last_ex.with_traceback(None)
psycopg.OperationalError: connection failed: connection to server at "10.43.12.7", port 5432 failed: FATAL:  sorry, too many clients already
(Background on this error at: https://sqlalche.me/e/20/e3q8)
2026-08-14 14:20:39,018 ERROR settle.db [settle-api-7c9d8f5b6-b4n8s] database not ready, retrying
Traceback (most recent call last):
  File "/usr/local/lib/python3.12/site-packages/sqlalchemy/engine/base.py", line 145, in __init__
    self._dbapi_connection = engine.raw_connection()
  File "/usr/local/lib/python3.12/site-packages/psycopg/connection.py", line 119, in connect
    raise last_ex.with_traceback(None)
psycopg.OperationalError: connection failed: connection to server at "10.43.12.7", port 5432 failed: FATAL:  sorry, too many clients already
(Background on this error at: https://sqlalche.me/e/20/e3q8)
2026-08-14 14:20:39,027 ERROR settle.db [settle-api-7c9d8f5b6-b4n8s] database not ready, retrying
Traceback (most recent call last):
  File "/usr/local/lib/python3.12/site-packages/sqlalchemy/engine/base.py", line 145, in __init__
    self._dbapi_connection = engine.raw_connection()
  File "/usr/local/lib/python3.12/site-packages/psycopg/connection.py", line 119, in connect
    raise last_ex.with_traceback(None)
psycopg.OperationalError: connection failed: connection to server at "10.43.12.7", port 5432 failed: FATAL:  sorry, too many clients already
(Background on this error at: https://sqlalche.me/e/20/e3q8)
2026-08-14 14:20:39,036 ERROR settle.db [settle-api-7c9d8f5b6-b4n8s] database not ready, retrying
Traceback (most recent call last):
  File "/usr/local/lib/python3.12/site-packages/sqlalchemy/engine/base.py", line 145, in __init__
    self._dbapi_connection = engine.raw_connection()
  File "/usr/local/lib/python3.12/site-packages/psycopg/connection.py", line 119, in connect
    raise last_ex.with_traceback(None)
psycopg.OperationalError: connection failed: connection to server at "10.43.12.7", port 5432 failed: FATAL:  sorry, too many clients already
(Background on this error at: https://sqlalche.me/e/20/e3q8)
... [settle-api-7c9d8f5b6-b4n8s] message repeated 703 times in the last 10s (sampled by log shipper)
2026-08-14 14:21:25,000 ERROR settle.db [settle-api-7c9d8f5b6-b4n8s] database not ready, retrying
Traceback (most recent call last):
  File "/usr/local/lib/python3.12/site-packages/sqlalchemy/engine/base.py", line 145, in __init__
    self._dbapi_connection = engine.raw_connection()
  File "/usr/local/lib/python3.12/site-packages/psycopg/connection.py", line 119, in connect
    raise last_ex.with_traceback(None)
psycopg.OperationalError: connection failed: connection to server at "10.43.12.7", port 5432 failed: FATAL:  sorry, too many clients already
(Background on this error at: https://sqlalche.me/e/20/e3q8)
2026-08-14 14:21:25,009 ERROR settle.db [settle-api-7c9d8f5b6-b4n8s] database not ready, retrying
Traceback (most recent call last):
  File "/usr/local/lib/python3.12/site-packages/sqlalchemy/engine/base.py", line 145, in __init__
    self._dbapi_connection = engine.raw_connection()
  File "/usr/local/lib/python3.12/site-packages/psycopg/connection.py", line 119, in connect
    raise last_ex.with_traceback(None)
psycopg.OperationalError: connection failed: connection to server at "10.43.12.7", port 5432 failed: FATAL:  sorry, too many clients already
(Background on this error at: https://sqlalche.me/e/20/e3q8)
2026-08-14 14:21:25,018 ERROR settle.db [settle-api-7c9d8f5b6-b4n8s] database not ready, retrying
Traceback (most recent call last):
  File "/usr/local/lib/python3.12/site-packages/sqlalchemy/engine/base.py", line 145, in __init__
    self._dbapi_connection = engine.raw_connection()
  File "/usr/local/lib/python3.12/site-packages/psycopg/connection.py", line 119, in connect
    raise last_ex.with_traceback(None)
psycopg.OperationalError: connection failed: connection to server at "10.43.12.7", port 5432 failed: FATAL:  sorry, too many clients already
(Background on this error at: https://sqlalche.me/e/20/e3q8)
2026-08-14 14:21:25,027 ERROR settle.db [settle-api-7c9d8f5b6-b4n8s] database not ready, retrying
Traceback (most recent call last):
  File "/usr/local/lib/python3.12/site-packages/sqlalchemy/engine/base.py", line 145, in __init__
    self._dbapi_connection = engine.raw_connection()
  File "/usr/local/lib/python3.12/site-packages/psycopg/connection.py", line 119, in connect
    raise last_ex.with_traceback(None)
psycopg.OperationalError: connection failed: connection to server at "10.43.12.7", port 5432 failed: FATAL:  sorry, too many clients already
(Background on this error at: https://sqlalche.me/e/20/e3q8)
2026-08-14 14:21:25,036 ERROR settle.db [settle-api-7c9d8f5b6-b4n8s] database not ready, retrying
Traceback (most recent call last):
  File "/usr/local/lib/python3.12/site-packages/sqlalchemy/engine/base.py", line 145, in __init__
    self._dbapi_connection = engine.raw_connection()
  File "/usr/local/lib/python3.12/site-packages/psycopg/connection.py", line 119, in connect
    raise last_ex.with_traceback(None)
psycopg.OperationalError: connection failed: connection to server at "10.43.12.7", port 5432 failed: FATAL:  sorry, too many clients already
(Background on this error at: https://sqlalche.me/e/20/e3q8)
2026-08-14 14:21:25,045 ERROR settle.db [settle-api-7c9d8f5b6-b4n8s] database not ready, retrying
Traceback (most recent call last):
  File "/usr/local/lib/python3.12/site-packages/sqlalchemy/engine/base.py", line 145, in __init__
    self._dbapi_connection = engine.raw_connection()
  File "/usr/local/lib/python3.12/site-packages/psycopg/connection.py", line 119, in connect
    raise last_ex.with_traceback(None)
psycopg.OperationalError: connection failed: connection to server at "10.43.12.7", port 5432 failed: FATAL:  sorry, too many clients already
(Background on this error at: https://sqlalche.me/e/20/e3q8)
... [settle-api-7c9d8f5b6-b4n8s] message repeated 828 times in the last 10s (sampled by log shipper)
2026-08-14 14:22:12,000 ERROR settle.db [settle-api-7c9d8f5b6-v9c2n] database not ready, retrying
Traceback (most recent call last):
  File "/usr/local/lib/python3.12/site-packages/sqlalchemy/engine/base.py", line 145, in __init__
    self._dbapi_connection = engine.raw_connection()
  File "/usr/local/lib/python3.12/site-packages/psycopg/connection.py", line 119, in connect
    raise last_ex.with_traceback(None)
psycopg.OperationalError: connection failed: connection to server at "10.43.12.7", port 5432 failed: FATAL:  sorry, too many clients already
(Background on this error at: https://sqlalche.me/e/20/e3q8)
2026-08-14 14:22:12,009 ERROR settle.db [settle-api-7c9d8f5b6-v9c2n] database not ready, retrying
Traceback (most recent call last):
  File "/usr/local/lib/python3.12/site-packages/sqlalchemy/engine/base.py", line 145, in __init__
    self._dbapi_connection = engine.raw_connection()
  File "/usr/local/lib/python3.12/site-packages/psycopg/connection.py", line 119, in connect
    raise last_ex.with_traceback(None)
psycopg.OperationalError: connection failed: connection to server at "10.43.12.7", port 5432 failed: FATAL:  sorry, too many clients already
(Background on this error at: https://sqlalche.me/e/20/e3q8)
2026-08-14 14:22:12,018 ERROR settle.db [settle-api-7c9d8f5b6-v9c2n] database not ready, retrying
Traceback (most recent call last):
  File "/usr/local/lib/python3.12/site-packages/sqlalchemy/engine/base.py", line 145, in __init__
    self._dbapi_connection = engine.raw_connection()
  File "/usr/local/lib/python3.12/site-packages/psycopg/connection.py", line 119, in connect
    raise last_ex.with_traceback(None)
psycopg.OperationalError: connection failed: connection to server at "10.43.12.7", port 5432 failed: FATAL:  sorry, too many clients already
(Background on this error at: https://sqlalche.me/e/20/e3q8)
2026-08-14 14:22:12,027 ERROR settle.db [settle-api-7c9d8f5b6-v9c2n] database not ready, retrying
Traceback (most recent call last):
  File "/usr/local/lib/python3.12/site-packages/sqlalchemy/engine/base.py", line 145, in __init__
    self._dbapi_connection = engine.raw_connection()
  File "/usr/local/lib/python3.12/site-packages/psycopg/connection.py", line 119, in connect
    raise last_ex.with_traceback(None)
psycopg.OperationalError: connection failed: connection to server at "10.43.12.7", port 5432 failed: FATAL:  sorry, too many clients already
(Background on this error at: https://sqlalche.me/e/20/e3q8)
... [settle-api-7c9d8f5b6-v9c2n] message repeated 880 times in the last 10s (sampled by log shipper)
2026-08-14 14:22:38,000 ERROR settle.db [settle-api-7c9d8f5b6-p8x3v] database not ready, retrying
Traceback (most recent call last):
  File "/usr/local/lib/python3.12/site-packages/sqlalchemy/engine/base.py", line 145, in __init__
    self._dbapi_connection = engine.raw_connection()
  File "/usr/local/lib/python3.12/site-packages/psycopg/connection.py", line 119, in connect
    raise last_ex.with_traceback(None)
psycopg.OperationalError: connection failed: connection to server at "10.43.12.7", port 5432 failed: FATAL:  sorry, too many clients already
(Background on this error at: https://sqlalche.me/e/20/e3q8)
2026-08-14 14:22:38,009 ERROR settle.db [settle-api-7c9d8f5b6-p8x3v] database not ready, retrying
Traceback (most recent call last):
  File "/usr/local/lib/python3.12/site-packages/sqlalchemy/engine/base.py", line 145, in __init__
    self._dbapi_connection = engine.raw_connection()
  File "/usr/local/lib/python3.12/site-packages/psycopg/connection.py", line 119, in connect
    raise last_ex.with_traceback(None)
psycopg.OperationalError: connection failed: connection to server at "10.43.12.7", port 5432 failed: FATAL:  sorry, too many clients already
(Background on this error at: https://sqlalche.me/e/20/e3q8)
2026-08-14 14:22:38,018 ERROR settle.db [settle-api-7c9d8f5b6-p8x3v] database not ready, retrying
Traceback (most recent call last):
  File "/usr/local/lib/python3.12/site-packages/sqlalchemy/engine/base.py", line 145, in __init__
    self._dbapi_connection = engine.raw_connection()
  File "/usr/local/lib/python3.12/site-packages/psycopg/connection.py", line 119, in connect
    raise last_ex.with_traceback(None)
psycopg.OperationalError: connection failed: connection to server at "10.43.12.7", port 5432 failed: FATAL:  sorry, too many clients already
(Background on this error at: https://sqlalche.me/e/20/e3q8)
2026-08-14 14:22:38,027 ERROR settle.db [settle-api-7c9d8f5b6-p8x3v] database not ready, retrying
Traceback (most recent call last):
  File "/usr/local/lib/python3.12/site-packages/sqlalchemy/engine/base.py", line 145, in __init__
    self._dbapi_connection = engine.raw_connection()
  File "/usr/local/lib/python3.12/site-packages/psycopg/connection.py", line 119, in connect
    raise last_ex.with_traceback(None)
psycopg.OperationalError: connection failed: connection to server at "10.43.12.7", port 5432 failed: FATAL:  sorry, too many clients already
(Background on this error at: https://sqlalche.me/e/20/e3q8)
2026-08-14 14:22:38,036 ERROR settle.db [settle-api-7c9d8f5b6-p8x3v] database not ready, retrying
Traceback (most recent call last):
  File "/usr/local/lib/python3.12/site-packages/sqlalchemy/engine/base.py", line 145, in __init__
    self._dbapi_connection = engine.raw_connection()
  File "/usr/local/lib/python3.12/site-packages/psycopg/connection.py", line 119, in connect
    raise last_ex.with_traceback(None)
psycopg.OperationalError: connection failed: connection to server at "10.43.12.7", port 5432 failed: FATAL:  sorry, too many clients already
(Background on this error at: https://sqlalche.me/e/20/e3q8)
... [settle-api-7c9d8f5b6-p8x3v] message repeated 830 times in the last 10s (sampled by log shipper)
2026-08-14 14:23:20,000 ERROR settle.db [settle-api-7c9d8f5b6-v9c2n] database not ready, retrying
Traceback (most recent call last):
  File "/usr/local/lib/python3.12/site-packages/sqlalchemy/engine/base.py", line 145, in __init__
    self._dbapi_connection = engine.raw_connection()
  File "/usr/local/lib/python3.12/site-packages/psycopg/connection.py", line 119, in connect
    raise last_ex.with_traceback(None)
psycopg.OperationalError: connection failed: connection to server at "10.43.12.7", port 5432 failed: FATAL:  sorry, too many clients already
(Background on this error at: https://sqlalche.me/e/20/e3q8)
2026-08-14 14:23:20,009 ERROR settle.db [settle-api-7c9d8f5b6-v9c2n] database not ready, retrying
Traceback (most recent call last):
  File "/usr/local/lib/python3.12/site-packages/sqlalchemy/engine/base.py", line 145, in __init__
    self._dbapi_connection = engine.raw_connection()
  File "/usr/local/lib/python3.12/site-packages/psycopg/connection.py", line 119, in connect
    raise last_ex.with_traceback(None)
psycopg.OperationalError: connection failed: connection to server at "10.43.12.7", port 5432 failed: FATAL:  sorry, too many clients already
(Background on this error at: https://sqlalche.me/e/20/e3q8)
2026-08-14 14:23:20,018 ERROR settle.db [settle-api-7c9d8f5b6-v9c2n] database not ready, retrying
Traceback (most recent call last):
  File "/usr/local/lib/python3.12/site-packages/sqlalchemy/engine/base.py", line 145, in __init__
    self._dbapi_connection = engine.raw_connection()
  File "/usr/local/lib/python3.12/site-packages/psycopg/connection.py", line 119, in connect
    raise last_ex.with_traceback(None)
psycopg.OperationalError: connection failed: connection to server at "10.43.12.7", port 5432 failed: FATAL:  sorry, too many clients already
(Background on this error at: https://sqlalche.me/e/20/e3q8)
... [settle-api-7c9d8f5b6-v9c2n] message repeated 909 times in the last 10s (sampled by log shipper)
2026-08-14 14:23:42,000 ERROR settle.db [settle-api-7c9d8f5b6-z3fw8] database not ready, retrying
Traceback (most recent call last):
  File "/usr/local/lib/python3.12/site-packages/sqlalchemy/engine/base.py", line 145, in __init__
    self._dbapi_connection = engine.raw_connection()
  File "/usr/local/lib/python3.12/site-packages/psycopg/connection.py", line 119, in connect
    raise last_ex.with_traceback(None)
psycopg.OperationalError: connection failed: connection to server at "10.43.12.7", port 5432 failed: FATAL:  sorry, too many clients already
(Background on this error at: https://sqlalche.me/e/20/e3q8)
2026-08-14 14:23:42,009 ERROR settle.db [settle-api-7c9d8f5b6-z3fw8] database not ready, retrying
Traceback (most recent call last):
  File "/usr/local/lib/python3.12/site-packages/sqlalchemy/engine/base.py", line 145, in __init__
    self._dbapi_connection = engine.raw_connection()
  File "/usr/local/lib/python3.12/site-packages/psycopg/connection.py", line 119, in connect
    raise last_ex.with_traceback(None)
psycopg.OperationalError: connection failed: connection to server at "10.43.12.7", port 5432 failed: FATAL:  sorry, too many clients already
(Background on this error at: https://sqlalche.me/e/20/e3q8)
2026-08-14 14:23:42,018 ERROR settle.db [settle-api-7c9d8f5b6-z3fw8] database not ready, retrying
Traceback (most recent call last):
  File "/usr/local/lib/python3.12/site-packages/sqlalchemy/engine/base.py", line 145, in __init__
    self._dbapi_connection = engine.raw_connection()
  File "/usr/local/lib/python3.12/site-packages/psycopg/connection.py", line 119, in connect
    raise last_ex.with_traceback(None)
psycopg.OperationalError: connection failed: connection to server at "10.43.12.7", port 5432 failed: FATAL:  sorry, too many clients already
(Background on this error at: https://sqlalche.me/e/20/e3q8)
2026-08-14 14:23:42,027 ERROR settle.db [settle-api-7c9d8f5b6-z3fw8] database not ready, retrying
Traceback (most recent call last):
  File "/usr/local/lib/python3.12/site-packages/sqlalchemy/engine/base.py", line 145, in __init__
    self._dbapi_connection = engine.raw_connection()
  File "/usr/local/lib/python3.12/site-packages/psycopg/connection.py", line 119, in connect
    raise last_ex.with_traceback(None)
psycopg.OperationalError: connection failed: connection to server at "10.43.12.7", port 5432 failed: FATAL:  sorry, too many clients already
(Background on this error at: https://sqlalche.me/e/20/e3q8)
2026-08-14 14:23:42,036 ERROR settle.db [settle-api-7c9d8f5b6-z3fw8] database not ready, retrying
Traceback (most recent call last):
  File "/usr/local/lib/python3.12/site-packages/sqlalchemy/engine/base.py", line 145, in __init__
    self._dbapi_connection = engine.raw_connection()
  File "/usr/local/lib/python3.12/site-packages/psycopg/connection.py", line 119, in connect
    raise last_ex.with_traceback(None)
psycopg.OperationalError: connection failed: connection to server at "10.43.12.7", port 5432 failed: FATAL:  sorry, too many clients already
(Background on this error at: https://sqlalche.me/e/20/e3q8)
2026-08-14 14:23:42,045 ERROR settle.db [settle-api-7c9d8f5b6-z3fw8] database not ready, retrying
Traceback (most recent call last):
  File "/usr/local/lib/python3.12/site-packages/sqlalchemy/engine/base.py", line 145, in __init__
    self._dbapi_connection = engine.raw_connection()
  File "/usr/local/lib/python3.12/site-packages/psycopg/connection.py", line 119, in connect
    raise last_ex.with_traceback(None)
psycopg.OperationalError: connection failed: connection to server at "10.43.12.7", port 5432 failed: FATAL:  sorry, too many clients already
(Background on this error at: https://sqlalche.me/e/20/e3q8)
... [settle-api-7c9d8f5b6-z3fw8] message repeated 725 times in the last 10s (sampled by log shipper)
2026-08-14 14:24:04,000 ERROR settle.db [settle-api-7c9d8f5b6-h4r7k] database not ready, retrying
Traceback (most recent call last):
  File "/usr/local/lib/python3.12/site-packages/sqlalchemy/engine/base.py", line 145, in __init__
    self._dbapi_connection = engine.raw_connection()
  File "/usr/local/lib/python3.12/site-packages/psycopg/connection.py", line 119, in connect
    raise last_ex.with_traceback(None)
psycopg.OperationalError: connection failed: connection to server at "10.43.12.7", port 5432 failed: FATAL:  sorry, too many clients already
(Background on this error at: https://sqlalche.me/e/20/e3q8)
2026-08-14 14:24:04,009 ERROR settle.db [settle-api-7c9d8f5b6-h4r7k] database not ready, retrying
Traceback (most recent call last):
  File "/usr/local/lib/python3.12/site-packages/sqlalchemy/engine/base.py", line 145, in __init__
    self._dbapi_connection = engine.raw_connection()
  File "/usr/local/lib/python3.12/site-packages/psycopg/connection.py", line 119, in connect
    raise last_ex.with_traceback(None)
psycopg.OperationalError: connection failed: connection to server at "10.43.12.7", port 5432 failed: FATAL:  sorry, too many clients already
(Background on this error at: https://sqlalche.me/e/20/e3q8)
2026-08-14 14:24:04,018 ERROR settle.db [settle-api-7c9d8f5b6-h4r7k] database not ready, retrying
Traceback (most recent call last):
  File "/usr/local/lib/python3.12/site-packages/sqlalchemy/engine/base.py", line 145, in __init__
    self._dbapi_connection = engine.raw_connection()
  File "/usr/local/lib/python3.12/site-packages/psycopg/connection.py", line 119, in connect
    raise last_ex.with_traceback(None)
psycopg.OperationalError: connection failed: connection to server at "10.43.12.7", port 5432 failed: FATAL:  sorry, too many clients already
(Background on this error at: https://sqlalche.me/e/20/e3q8)
2026-08-14 14:24:04,027 ERROR settle.db [settle-api-7c9d8f5b6-h4r7k] database not ready, retrying
Traceback (most recent call last):
  File "/usr/local/lib/python3.12/site-packages/sqlalchemy/engine/base.py", line 145, in __init__
    self._dbapi_connection = engine.raw_connection()
  File "/usr/local/lib/python3.12/site-packages/psycopg/connection.py", line 119, in connect
    raise last_ex.with_traceback(None)
psycopg.OperationalError: connection failed: connection to server at "10.43.12.7", port 5432 failed: FATAL:  sorry, too many clients already
(Background on this error at: https://sqlalche.me/e/20/e3q8)
... [settle-api-7c9d8f5b6-h4r7k] message repeated 721 times in the last 10s (sampled by log shipper)
2026-08-14 14:24:37,000 ERROR settle.db [settle-api-7c9d8f5b6-r5tzm] database not ready, retrying
Traceback (most recent call last):
  File "/usr/local/lib/python3.12/site-packages/sqlalchemy/engine/base.py", line 145, in __init__
    self._dbapi_connection = engine.raw_connection()
  File "/usr/local/lib/python3.12/site-packages/psycopg/connection.py", line 119, in connect
    raise last_ex.with_traceback(None)
psycopg.OperationalError: connection failed: connection to server at "10.43.12.7", port 5432 failed: FATAL:  sorry, too many clients already
(Background on this error at: https://sqlalche.me/e/20/e3q8)
2026-08-14 14:24:37,009 ERROR settle.db [settle-api-7c9d8f5b6-r5tzm] database not ready, retrying
Traceback (most recent call last):
  File "/usr/local/lib/python3.12/site-packages/sqlalchemy/engine/base.py", line 145, in __init__
    self._dbapi_connection = engine.raw_connection()
  File "/usr/local/lib/python3.12/site-packages/psycopg/connection.py", line 119, in connect
    raise last_ex.with_traceback(None)
psycopg.OperationalError: connection failed: connection to server at "10.43.12.7", port 5432 failed: FATAL:  sorry, too many clients already
(Background on this error at: https://sqlalche.me/e/20/e3q8)
2026-08-14 14:24:37,018 ERROR settle.db [settle-api-7c9d8f5b6-r5tzm] database not ready, retrying
Traceback (most recent call last):
  File "/usr/local/lib/python3.12/site-packages/sqlalchemy/engine/base.py", line 145, in __init__
    self._dbapi_connection = engine.raw_connection()
  File "/usr/local/lib/python3.12/site-packages/psycopg/connection.py", line 119, in connect
    raise last_ex.with_traceback(None)
psycopg.OperationalError: connection failed: connection to server at "10.43.12.7", port 5432 failed: FATAL:  sorry, too many clients already
(Background on this error at: https://sqlalche.me/e/20/e3q8)
... [settle-api-7c9d8f5b6-r5tzm] message repeated 757 times in the last 10s (sampled by log shipper)
2026-08-14 14:25:10,000 ERROR settle.db [settle-api-7c9d8f5b6-r5tzm] database not ready, retrying
Traceback (most recent call last):
  File "/usr/local/lib/python3.12/site-packages/sqlalchemy/engine/base.py", line 145, in __init__
    self._dbapi_connection = engine.raw_connection()
  File "/usr/local/lib/python3.12/site-packages/psycopg/connection.py", line 119, in connect
    raise last_ex.with_traceback(None)
psycopg.OperationalError: connection failed: connection to server at "10.43.12.7", port 5432 failed: FATAL:  sorry, too many clients already
(Background on this error at: https://sqlalche.me/e/20/e3q8)
2026-08-14 14:25:10,009 ERROR settle.db [settle-api-7c9d8f5b6-r5tzm] database not ready, retrying
Traceback (most recent call last):
  File "/usr/local/lib/python3.12/site-packages/sqlalchemy/engine/base.py", line 145, in __init__
    self._dbapi_connection = engine.raw_connection()
  File "/usr/local/lib/python3.12/site-packages/psycopg/connection.py", line 119, in connect
    raise last_ex.with_traceback(None)
psycopg.OperationalError: connection failed: connection to server at "10.43.12.7", port 5432 failed: FATAL:  sorry, too many clients already
(Background on this error at: https://sqlalche.me/e/20/e3q8)
2026-08-14 14:25:10,018 ERROR settle.db [settle-api-7c9d8f5b6-r5tzm] database not ready, retrying
Traceback (most recent call last):
  File "/usr/local/lib/python3.12/site-packages/sqlalchemy/engine/base.py", line 145, in __init__
    self._dbapi_connection = engine.raw_connection()
  File "/usr/local/lib/python3.12/site-packages/psycopg/connection.py", line 119, in connect
    raise last_ex.with_traceback(None)
psycopg.OperationalError: connection failed: connection to server at "10.43.12.7", port 5432 failed: FATAL:  sorry, too many clients already
(Background on this error at: https://sqlalche.me/e/20/e3q8)
2026-08-14 14:25:10,027 ERROR settle.db [settle-api-7c9d8f5b6-r5tzm] database not ready, retrying
Traceback (most recent call last):
  File "/usr/local/lib/python3.12/site-packages/sqlalchemy/engine/base.py", line 145, in __init__
    self._dbapi_connection = engine.raw_connection()
  File "/usr/local/lib/python3.12/site-packages/psycopg/connection.py", line 119, in connect
    raise last_ex.with_traceback(None)
psycopg.OperationalError: connection failed: connection to server at "10.43.12.7", port 5432 failed: FATAL:  sorry, too many clients already
(Background on this error at: https://sqlalche.me/e/20/e3q8)
2026-08-14 14:25:10,036 ERROR settle.db [settle-api-7c9d8f5b6-r5tzm] database not ready, retrying
Traceback (most recent call last):
  File "/usr/local/lib/python3.12/site-packages/sqlalchemy/engine/base.py", line 145, in __init__
    self._dbapi_connection = engine.raw_connection()
  File "/usr/local/lib/python3.12/site-packages/psycopg/connection.py", line 119, in connect
    raise last_ex.with_traceback(None)
psycopg.OperationalError: connection failed: connection to server at "10.43.12.7", port 5432 failed: FATAL:  sorry, too many clients already
(Background on this error at: https://sqlalche.me/e/20/e3q8)
... [settle-api-7c9d8f5b6-r5tzm] message repeated 726 times in the last 10s (sampled by log shipper)
2026-08-14 14:25:35,000 ERROR settle.db [settle-api-7c9d8f5b6-p8x3v] database not ready, retrying
Traceback (most recent call last):
  File "/usr/local/lib/python3.12/site-packages/sqlalchemy/engine/base.py", line 145, in __init__
    self._dbapi_connection = engine.raw_connection()
  File "/usr/local/lib/python3.12/site-packages/psycopg/connection.py", line 119, in connect
    raise last_ex.with_traceback(None)
psycopg.OperationalError: connection failed: connection to server at "10.43.12.7", port 5432 failed: FATAL:  sorry, too many clients already
(Background on this error at: https://sqlalche.me/e/20/e3q8)
2026-08-14 14:25:35,009 ERROR settle.db [settle-api-7c9d8f5b6-p8x3v] database not ready, retrying
Traceback (most recent call last):
  File "/usr/local/lib/python3.12/site-packages/sqlalchemy/engine/base.py", line 145, in __init__
    self._dbapi_connection = engine.raw_connection()
  File "/usr/local/lib/python3.12/site-packages/psycopg/connection.py", line 119, in connect
    raise last_ex.with_traceback(None)
psycopg.OperationalError: connection failed: connection to server at "10.43.12.7", port 5432 failed: FATAL:  sorry, too many clients already
(Background on this error at: https://sqlalche.me/e/20/e3q8)
2026-08-14 14:25:35,018 ERROR settle.db [settle-api-7c9d8f5b6-p8x3v] database not ready, retrying
Traceback (most recent call last):
  File "/usr/local/lib/python3.12/site-packages/sqlalchemy/engine/base.py", line 145, in __init__
    self._dbapi_connection = engine.raw_connection()
  File "/usr/local/lib/python3.12/site-packages/psycopg/connection.py", line 119, in connect
    raise last_ex.with_traceback(None)
psycopg.OperationalError: connection failed: connection to server at "10.43.12.7", port 5432 failed: FATAL:  sorry, too many clients already
(Background on this error at: https://sqlalche.me/e/20/e3q8)
2026-08-14 14:25:35,027 ERROR settle.db [settle-api-7c9d8f5b6-p8x3v] database not ready, retrying
Traceback (most recent call last):
  File "/usr/local/lib/python3.12/site-packages/sqlalchemy/engine/base.py", line 145, in __init__
    self._dbapi_connection = engine.raw_connection()
  File "/usr/local/lib/python3.12/site-packages/psycopg/connection.py", line 119, in connect
    raise last_ex.with_traceback(None)
psycopg.OperationalError: connection failed: connection to server at "10.43.12.7", port 5432 failed: FATAL:  sorry, too many clients already
(Background on this error at: https://sqlalche.me/e/20/e3q8)
2026-08-14 14:25:35,036 ERROR settle.db [settle-api-7c9d8f5b6-p8x3v] database not ready, retrying
Traceback (most recent call last):
  File "/usr/local/lib/python3.12/site-packages/sqlalchemy/engine/base.py", line 145, in __init__
    self._dbapi_connection = engine.raw_connection()
  File "/usr/local/lib/python3.12/site-packages/psycopg/connection.py", line 119, in connect
    raise last_ex.with_traceback(None)
psycopg.OperationalError: connection failed: connection to server at "10.43.12.7", port 5432 failed: FATAL:  sorry, too many clients already
(Background on this error at: https://sqlalche.me/e/20/e3q8)
... [settle-api-7c9d8f5b6-p8x3v] message repeated 883 times in the last 10s (sampled by log shipper)
2026-08-14 14:26:08,000 ERROR settle.db [settle-api-7c9d8f5b6-v9c2n] database not ready, retrying
Traceback (most recent call last):
  File "/usr/local/lib/python3.12/site-packages/sqlalchemy/engine/base.py", line 145, in __init__
    self._dbapi_connection = engine.raw_connection()
  File "/usr/local/lib/python3.12/site-packages/psycopg/connection.py", line 119, in connect
    raise last_ex.with_traceback(None)
psycopg.OperationalError: connection failed: connection to server at "10.43.12.7", port 5432 failed: FATAL:  sorry, too many clients already
(Background on this error at: https://sqlalche.me/e/20/e3q8)
2026-08-14 14:26:08,009 ERROR settle.db [settle-api-7c9d8f5b6-v9c2n] database not ready, retrying
Traceback (most recent call last):
  File "/usr/local/lib/python3.12/site-packages/sqlalchemy/engine/base.py", line 145, in __init__
    self._dbapi_connection = engine.raw_connection()
  File "/usr/local/lib/python3.12/site-packages/psycopg/connection.py", line 119, in connect
    raise last_ex.with_traceback(None)
psycopg.OperationalError: connection failed: connection to server at "10.43.12.7", port 5432 failed: FATAL:  sorry, too many clients already
(Background on this error at: https://sqlalche.me/e/20/e3q8)
2026-08-14 14:26:08,018 ERROR settle.db [settle-api-7c9d8f5b6-v9c2n] database not ready, retrying
Traceback (most recent call last):
  File "/usr/local/lib/python3.12/site-packages/sqlalchemy/engine/base.py", line 145, in __init__
    self._dbapi_connection = engine.raw_connection()
  File "/usr/local/lib/python3.12/site-packages/psycopg/connection.py", line 119, in connect
    raise last_ex.with_traceback(None)
psycopg.OperationalError: connection failed: connection to server at "10.43.12.7", port 5432 failed: FATAL:  sorry, too many clients already
(Background on this error at: https://sqlalche.me/e/20/e3q8)
2026-08-14 14:26:08,027 ERROR settle.db [settle-api-7c9d8f5b6-v9c2n] database not ready, retrying
Traceback (most recent call last):
  File "/usr/local/lib/python3.12/site-packages/sqlalchemy/engine/base.py", line 145, in __init__
    self._dbapi_connection = engine.raw_connection()
  File "/usr/local/lib/python3.12/site-packages/psycopg/connection.py", line 119, in connect
    raise last_ex.with_traceback(None)
psycopg.OperationalError: connection failed: connection to server at "10.43.12.7", port 5432 failed: FATAL:  sorry, too many clients already
(Background on this error at: https://sqlalche.me/e/20/e3q8)
2026-08-14 14:26:08,036 ERROR settle.db [settle-api-7c9d8f5b6-v9c2n] database not ready, retrying
Traceback (most recent call last):
  File "/usr/local/lib/python3.12/site-packages/sqlalchemy/engine/base.py", line 145, in __init__
    self._dbapi_connection = engine.raw_connection()
  File "/usr/local/lib/python3.12/site-packages/psycopg/connection.py", line 119, in connect
    raise last_ex.with_traceback(None)
psycopg.OperationalError: connection failed: connection to server at "10.43.12.7", port 5432 failed: FATAL:  sorry, too many clients already
(Background on this error at: https://sqlalche.me/e/20/e3q8)
... [settle-api-7c9d8f5b6-v9c2n] message repeated 858 times in the last 10s (sampled by log shipper)
2026-08-14 14:26:28,000 ERROR settle.db [settle-api-7c9d8f5b6-q6ht4] database not ready, retrying
Traceback (most recent call last):
  File "/usr/local/lib/python3.12/site-packages/sqlalchemy/engine/base.py", line 145, in __init__
    self._dbapi_connection = engine.raw_connection()
  File "/usr/local/lib/python3.12/site-packages/psycopg/connection.py", line 119, in connect
    raise last_ex.with_traceback(None)
psycopg.OperationalError: connection failed: connection to server at "10.43.12.7", port 5432 failed: FATAL:  sorry, too many clients already
(Background on this error at: https://sqlalche.me/e/20/e3q8)
2026-08-14 14:26:28,009 ERROR settle.db [settle-api-7c9d8f5b6-q6ht4] database not ready, retrying
Traceback (most recent call last):
  File "/usr/local/lib/python3.12/site-packages/sqlalchemy/engine/base.py", line 145, in __init__
    self._dbapi_connection = engine.raw_connection()
  File "/usr/local/lib/python3.12/site-packages/psycopg/connection.py", line 119, in connect
    raise last_ex.with_traceback(None)
psycopg.OperationalError: connection failed: connection to server at "10.43.12.7", port 5432 failed: FATAL:  sorry, too many clients already
(Background on this error at: https://sqlalche.me/e/20/e3q8)
2026-08-14 14:26:28,018 ERROR settle.db [settle-api-7c9d8f5b6-q6ht4] database not ready, retrying
Traceback (most recent call last):
  File "/usr/local/lib/python3.12/site-packages/sqlalchemy/engine/base.py", line 145, in __init__
    self._dbapi_connection = engine.raw_connection()
  File "/usr/local/lib/python3.12/site-packages/psycopg/connection.py", line 119, in connect
    raise last_ex.with_traceback(None)
psycopg.OperationalError: connection failed: connection to server at "10.43.12.7", port 5432 failed: FATAL:  sorry, too many clients already
(Background on this error at: https://sqlalche.me/e/20/e3q8)
2026-08-14 14:26:28,027 ERROR settle.db [settle-api-7c9d8f5b6-q6ht4] database not ready, retrying
Traceback (most recent call last):
  File "/usr/local/lib/python3.12/site-packages/sqlalchemy/engine/base.py", line 145, in __init__
    self._dbapi_connection = engine.raw_connection()
  File "/usr/local/lib/python3.12/site-packages/psycopg/connection.py", line 119, in connect
    raise last_ex.with_traceback(None)
psycopg.OperationalError: connection failed: connection to server at "10.43.12.7", port 5432 failed: FATAL:  sorry, too many clients already
(Background on this error at: https://sqlalche.me/e/20/e3q8)
... [settle-api-7c9d8f5b6-q6ht4] message repeated 882 times in the last 10s (sampled by log shipper)
2026-08-14 14:27:00,000 ERROR settle.db [settle-api-7c9d8f5b6-q6ht4] database not ready, retrying
Traceback (most recent call last):
  File "/usr/local/lib/python3.12/site-packages/sqlalchemy/engine/base.py", line 145, in __init__
    self._dbapi_connection = engine.raw_connection()
  File "/usr/local/lib/python3.12/site-packages/psycopg/connection.py", line 119, in connect
    raise last_ex.with_traceback(None)
psycopg.OperationalError: connection failed: connection to server at "10.43.12.7", port 5432 failed: FATAL:  sorry, too many clients already
(Background on this error at: https://sqlalche.me/e/20/e3q8)
2026-08-14 14:27:00,009 ERROR settle.db [settle-api-7c9d8f5b6-q6ht4] database not ready, retrying
Traceback (most recent call last):
  File "/usr/local/lib/python3.12/site-packages/sqlalchemy/engine/base.py", line 145, in __init__
    self._dbapi_connection = engine.raw_connection()
  File "/usr/local/lib/python3.12/site-packages/psycopg/connection.py", line 119, in connect
    raise last_ex.with_traceback(None)
psycopg.OperationalError: connection failed: connection to server at "10.43.12.7", port 5432 failed: FATAL:  sorry, too many clients already
(Background on this error at: https://sqlalche.me/e/20/e3q8)
2026-08-14 14:27:00,018 ERROR settle.db [settle-api-7c9d8f5b6-q6ht4] database not ready, retrying
Traceback (most recent call last):
  File "/usr/local/lib/python3.12/site-packages/sqlalchemy/engine/base.py", line 145, in __init__
    self._dbapi_connection = engine.raw_connection()
  File "/usr/local/lib/python3.12/site-packages/psycopg/connection.py", line 119, in connect
    raise last_ex.with_traceback(None)
psycopg.OperationalError: connection failed: connection to server at "10.43.12.7", port 5432 failed: FATAL:  sorry, too many clients already
(Background on this error at: https://sqlalche.me/e/20/e3q8)
2026-08-14 14:27:00,027 ERROR settle.db [settle-api-7c9d8f5b6-q6ht4] database not ready, retrying
Traceback (most recent call last):
  File "/usr/local/lib/python3.12/site-packages/sqlalchemy/engine/base.py", line 145, in __init__
    self._dbapi_connection = engine.raw_connection()
  File "/usr/local/lib/python3.12/site-packages/psycopg/connection.py", line 119, in connect
    raise last_ex.with_traceback(None)
psycopg.OperationalError: connection failed: connection to server at "10.43.12.7", port 5432 failed: FATAL:  sorry, too many clients already
(Background on this error at: https://sqlalche.me/e/20/e3q8)
... [settle-api-7c9d8f5b6-q6ht4] message repeated 830 times in the last 10s (sampled by log shipper)
2026-08-14 14:27:26,000 ERROR settle.db [settle-api-7c9d8f5b6-v9c2n] database not ready, retrying
Traceback (most recent call last):
  File "/usr/local/lib/python3.12/site-packages/sqlalchemy/engine/base.py", line 145, in __init__
    self._dbapi_connection = engine.raw_connection()
  File "/usr/local/lib/python3.12/site-packages/psycopg/connection.py", line 119, in connect
    raise last_ex.with_traceback(None)
psycopg.OperationalError: connection failed: connection to server at "10.43.12.7", port 5432 failed: FATAL:  sorry, too many clients already
(Background on this error at: https://sqlalche.me/e/20/e3q8)
2026-08-14 14:27:26,009 ERROR settle.db [settle-api-7c9d8f5b6-v9c2n] database not ready, retrying
Traceback (most recent call last):
  File "/usr/local/lib/python3.12/site-packages/sqlalchemy/engine/base.py", line 145, in __init__
    self._dbapi_connection = engine.raw_connection()
  File "/usr/local/lib/python3.12/site-packages/psycopg/connection.py", line 119, in connect
    raise last_ex.with_traceback(None)
psycopg.OperationalError: connection failed: connection to server at "10.43.12.7", port 5432 failed: FATAL:  sorry, too many clients already
(Background on this error at: https://sqlalche.me/e/20/e3q8)
2026-08-14 14:27:26,018 ERROR settle.db [settle-api-7c9d8f5b6-v9c2n] database not ready, retrying
Traceback (most recent call last):
  File "/usr/local/lib/python3.12/site-packages/sqlalchemy/engine/base.py", line 145, in __init__
    self._dbapi_connection = engine.raw_connection()
  File "/usr/local/lib/python3.12/site-packages/psycopg/connection.py", line 119, in connect
    raise last_ex.with_traceback(None)
psycopg.OperationalError: connection failed: connection to server at "10.43.12.7", port 5432 failed: FATAL:  sorry, too many clients already
(Background on this error at: https://sqlalche.me/e/20/e3q8)
2026-08-14 14:27:26,027 ERROR settle.db [settle-api-7c9d8f5b6-v9c2n] database not ready, retrying
Traceback (most recent call last):
  File "/usr/local/lib/python3.12/site-packages/sqlalchemy/engine/base.py", line 145, in __init__
    self._dbapi_connection = engine.raw_connection()
  File "/usr/local/lib/python3.12/site-packages/psycopg/connection.py", line 119, in connect
    raise last_ex.with_traceback(None)
psycopg.OperationalError: connection failed: connection to server at "10.43.12.7", port 5432 failed: FATAL:  sorry, too many clients already
(Background on this error at: https://sqlalche.me/e/20/e3q8)
2026-08-14 14:27:26,036 ERROR settle.db [settle-api-7c9d8f5b6-v9c2n] database not ready, retrying
Traceback (most recent call last):
  File "/usr/local/lib/python3.12/site-packages/sqlalchemy/engine/base.py", line 145, in __init__
    self._dbapi_connection = engine.raw_connection()
  File "/usr/local/lib/python3.12/site-packages/psycopg/connection.py", line 119, in connect
    raise last_ex.with_traceback(None)
psycopg.OperationalError: connection failed: connection to server at "10.43.12.7", port 5432 failed: FATAL:  sorry, too many clients already
(Background on this error at: https://sqlalche.me/e/20/e3q8)
... [settle-api-7c9d8f5b6-v9c2n] message repeated 869 times in the last 10s (sampled by log shipper)
2026-08-14 14:27:53,000 ERROR settle.db [settle-api-7c9d8f5b6-xk2lp] database not ready, retrying
Traceback (most recent call last):
  File "/usr/local/lib/python3.12/site-packages/sqlalchemy/engine/base.py", line 145, in __init__
    self._dbapi_connection = engine.raw_connection()
  File "/usr/local/lib/python3.12/site-packages/psycopg/connection.py", line 119, in connect
    raise last_ex.with_traceback(None)
psycopg.OperationalError: connection failed: connection to server at "10.43.12.7", port 5432 failed: FATAL:  sorry, too many clients already
(Background on this error at: https://sqlalche.me/e/20/e3q8)
2026-08-14 14:27:53,009 ERROR settle.db [settle-api-7c9d8f5b6-xk2lp] database not ready, retrying
Traceback (most recent call last):
  File "/usr/local/lib/python3.12/site-packages/sqlalchemy/engine/base.py", line 145, in __init__
    self._dbapi_connection = engine.raw_connection()
  File "/usr/local/lib/python3.12/site-packages/psycopg/connection.py", line 119, in connect
    raise last_ex.with_traceback(None)
psycopg.OperationalError: connection failed: connection to server at "10.43.12.7", port 5432 failed: FATAL:  sorry, too many clients already
(Background on this error at: https://sqlalche.me/e/20/e3q8)
2026-08-14 14:27:53,018 ERROR settle.db [settle-api-7c9d8f5b6-xk2lp] database not ready, retrying
Traceback (most recent call last):
  File "/usr/local/lib/python3.12/site-packages/sqlalchemy/engine/base.py", line 145, in __init__
    self._dbapi_connection = engine.raw_connection()
  File "/usr/local/lib/python3.12/site-packages/psycopg/connection.py", line 119, in connect
    raise last_ex.with_traceback(None)
psycopg.OperationalError: connection failed: connection to server at "10.43.12.7", port 5432 failed: FATAL:  sorry, too many clients already
(Background on this error at: https://sqlalche.me/e/20/e3q8)
2026-08-14 14:27:53,027 ERROR settle.db [settle-api-7c9d8f5b6-xk2lp] database not ready, retrying
Traceback (most recent call last):
  File "/usr/local/lib/python3.12/site-packages/sqlalchemy/engine/base.py", line 145, in __init__
    self._dbapi_connection = engine.raw_connection()
  File "/usr/local/lib/python3.12/site-packages/psycopg/connection.py", line 119, in connect
    raise last_ex.with_traceback(None)
psycopg.OperationalError: connection failed: connection to server at "10.43.12.7", port 5432 failed: FATAL:  sorry, too many clients already
(Background on this error at: https://sqlalche.me/e/20/e3q8)
2026-08-14 14:27:53,036 ERROR settle.db [settle-api-7c9d8f5b6-xk2lp] database not ready, retrying
Traceback (most recent call last):
  File "/usr/local/lib/python3.12/site-packages/sqlalchemy/engine/base.py", line 145, in __init__
    self._dbapi_connection = engine.raw_connection()
  File "/usr/local/lib/python3.12/site-packages/psycopg/connection.py", line 119, in connect
    raise last_ex.with_traceback(None)
psycopg.OperationalError: connection failed: connection to server at "10.43.12.7", port 5432 failed: FATAL:  sorry, too many clients already
(Background on this error at: https://sqlalche.me/e/20/e3q8)
... [settle-api-7c9d8f5b6-xk2lp] message repeated 695 times in the last 10s (sampled by log shipper)
2026-08-14 14:28:39,000 ERROR settle.db [settle-api-7c9d8f5b6-q6ht4] database not ready, retrying
Traceback (most recent call last):
  File "/usr/local/lib/python3.12/site-packages/sqlalchemy/engine/base.py", line 145, in __init__
    self._dbapi_connection = engine.raw_connection()
  File "/usr/local/lib/python3.12/site-packages/psycopg/connection.py", line 119, in connect
    raise last_ex.with_traceback(None)
psycopg.OperationalError: connection failed: connection to server at "10.43.12.7", port 5432 failed: FATAL:  sorry, too many clients already
(Background on this error at: https://sqlalche.me/e/20/e3q8)
2026-08-14 14:28:39,009 ERROR settle.db [settle-api-7c9d8f5b6-q6ht4] database not ready, retrying
Traceback (most recent call last):
  File "/usr/local/lib/python3.12/site-packages/sqlalchemy/engine/base.py", line 145, in __init__
    self._dbapi_connection = engine.raw_connection()
  File "/usr/local/lib/python3.12/site-packages/psycopg/connection.py", line 119, in connect
    raise last_ex.with_traceback(None)
psycopg.OperationalError: connection failed: connection to server at "10.43.12.7", port 5432 failed: FATAL:  sorry, too many clients already
(Background on this error at: https://sqlalche.me/e/20/e3q8)
2026-08-14 14:28:39,018 ERROR settle.db [settle-api-7c9d8f5b6-q6ht4] database not ready, retrying
Traceback (most recent call last):
  File "/usr/local/lib/python3.12/site-packages/sqlalchemy/engine/base.py", line 145, in __init__
    self._dbapi_connection = engine.raw_connection()
  File "/usr/local/lib/python3.12/site-packages/psycopg/connection.py", line 119, in connect
    raise last_ex.with_traceback(None)
psycopg.OperationalError: connection failed: connection to server at "10.43.12.7", port 5432 failed: FATAL:  sorry, too many clients already
(Background on this error at: https://sqlalche.me/e/20/e3q8)
... [settle-api-7c9d8f5b6-q6ht4] message repeated 836 times in the last 10s (sampled by log shipper)
2026-08-14 14:29:25,000 ERROR settle.db [settle-api-7c9d8f5b6-b4n8s] database not ready, retrying
Traceback (most recent call last):
  File "/usr/local/lib/python3.12/site-packages/sqlalchemy/engine/base.py", line 145, in __init__
    self._dbapi_connection = engine.raw_connection()
  File "/usr/local/lib/python3.12/site-packages/psycopg/connection.py", line 119, in connect
    raise last_ex.with_traceback(None)
psycopg.OperationalError: connection failed: connection to server at "10.43.12.7", port 5432 failed: FATAL:  sorry, too many clients already
(Background on this error at: https://sqlalche.me/e/20/e3q8)
2026-08-14 14:29:25,009 ERROR settle.db [settle-api-7c9d8f5b6-b4n8s] database not ready, retrying
Traceback (most recent call last):
  File "/usr/local/lib/python3.12/site-packages/sqlalchemy/engine/base.py", line 145, in __init__
    self._dbapi_connection = engine.raw_connection()
  File "/usr/local/lib/python3.12/site-packages/psycopg/connection.py", line 119, in connect
    raise last_ex.with_traceback(None)
psycopg.OperationalError: connection failed: connection to server at "10.43.12.7", port 5432 failed: FATAL:  sorry, too many clients already
(Background on this error at: https://sqlalche.me/e/20/e3q8)
2026-08-14 14:29:25,018 ERROR settle.db [settle-api-7c9d8f5b6-b4n8s] database not ready, retrying
Traceback (most recent call last):
  File "/usr/local/lib/python3.12/site-packages/sqlalchemy/engine/base.py", line 145, in __init__
    self._dbapi_connection = engine.raw_connection()
  File "/usr/local/lib/python3.12/site-packages/psycopg/connection.py", line 119, in connect
    raise last_ex.with_traceback(None)
psycopg.OperationalError: connection failed: connection to server at "10.43.12.7", port 5432 failed: FATAL:  sorry, too many clients already
(Background on this error at: https://sqlalche.me/e/20/e3q8)
2026-08-14 14:29:25,027 ERROR settle.db [settle-api-7c9d8f5b6-b4n8s] database not ready, retrying
Traceback (most recent call last):
  File "/usr/local/lib/python3.12/site-packages/sqlalchemy/engine/base.py", line 145, in __init__
    self._dbapi_connection = engine.raw_connection()
  File "/usr/local/lib/python3.12/site-packages/psycopg/connection.py", line 119, in connect
    raise last_ex.with_traceback(None)
psycopg.OperationalError: connection failed: connection to server at "10.43.12.7", port 5432 failed: FATAL:  sorry, too many clients already
(Background on this error at: https://sqlalche.me/e/20/e3q8)
2026-08-14 14:29:25,036 ERROR settle.db [settle-api-7c9d8f5b6-b4n8s] database not ready, retrying
Traceback (most recent call last):
  File "/usr/local/lib/python3.12/site-packages/sqlalchemy/engine/base.py", line 145, in __init__
    self._dbapi_connection = engine.raw_connection()
  File "/usr/local/lib/python3.12/site-packages/psycopg/connection.py", line 119, in connect
    raise last_ex.with_traceback(None)
psycopg.OperationalError: connection failed: connection to server at "10.43.12.7", port 5432 failed: FATAL:  sorry, too many clients already
(Background on this error at: https://sqlalche.me/e/20/e3q8)
... [settle-api-7c9d8f5b6-b4n8s] message repeated 833 times in the last 10s (sampled by log shipper)
2026-08-14 14:30:15,000 ERROR settle.db [settle-api-7c9d8f5b6-b4n8s] database not ready, retrying
Traceback (most recent call last):
  File "/usr/local/lib/python3.12/site-packages/sqlalchemy/engine/base.py", line 145, in __init__
    self._dbapi_connection = engine.raw_connection()
  File "/usr/local/lib/python3.12/site-packages/psycopg/connection.py", line 119, in connect
    raise last_ex.with_traceback(None)
psycopg.OperationalError: connection failed: connection to server at "10.43.12.7", port 5432 failed: FATAL:  sorry, too many clients already
(Background on this error at: https://sqlalche.me/e/20/e3q8)
2026-08-14 14:30:15,009 ERROR settle.db [settle-api-7c9d8f5b6-b4n8s] database not ready, retrying
Traceback (most recent call last):
  File "/usr/local/lib/python3.12/site-packages/sqlalchemy/engine/base.py", line 145, in __init__
    self._dbapi_connection = engine.raw_connection()
  File "/usr/local/lib/python3.12/site-packages/psycopg/connection.py", line 119, in connect
    raise last_ex.with_traceback(None)
psycopg.OperationalError: connection failed: connection to server at "10.43.12.7", port 5432 failed: FATAL:  sorry, too many clients already
(Background on this error at: https://sqlalche.me/e/20/e3q8)
2026-08-14 14:30:15,018 ERROR settle.db [settle-api-7c9d8f5b6-b4n8s] database not ready, retrying
Traceback (most recent call last):
  File "/usr/local/lib/python3.12/site-packages/sqlalchemy/engine/base.py", line 145, in __init__
    self._dbapi_connection = engine.raw_connection()
  File "/usr/local/lib/python3.12/site-packages/psycopg/connection.py", line 119, in connect
    raise last_ex.with_traceback(None)
psycopg.OperationalError: connection failed: connection to server at "10.43.12.7", port 5432 failed: FATAL:  sorry, too many clients already
(Background on this error at: https://sqlalche.me/e/20/e3q8)
2026-08-14 14:30:15,027 ERROR settle.db [settle-api-7c9d8f5b6-b4n8s] database not ready, retrying
Traceback (most recent call last):
  File "/usr/local/lib/python3.12/site-packages/sqlalchemy/engine/base.py", line 145, in __init__
    self._dbapi_connection = engine.raw_connection()
  File "/usr/local/lib/python3.12/site-packages/psycopg/connection.py", line 119, in connect
    raise last_ex.with_traceback(None)
psycopg.OperationalError: connection failed: connection to server at "10.43.12.7", port 5432 failed: FATAL:  sorry, too many clients already
(Background on this error at: https://sqlalche.me/e/20/e3q8)
2026-08-14 14:30:15,036 ERROR settle.db [settle-api-7c9d8f5b6-b4n8s] database not ready, retrying
Traceback (most recent call last):
  File "/usr/local/lib/python3.12/site-packages/sqlalchemy/engine/base.py", line 145, in __init__
    self._dbapi_connection = engine.raw_connection()
  File "/usr/local/lib/python3.12/site-packages/psycopg/connection.py", line 119, in connect
    raise last_ex.with_traceback(None)
psycopg.OperationalError: connection failed: connection to server at "10.43.12.7", port 5432 failed: FATAL:  sorry, too many clients already
(Background on this error at: https://sqlalche.me/e/20/e3q8)
... [settle-api-7c9d8f5b6-b4n8s] message repeated 777 times in the last 10s (sampled by log shipper)
2026-08-14 14:30:50,000 ERROR settle.db [settle-api-7c9d8f5b6-v9c2n] database not ready, retrying
Traceback (most recent call last):
  File "/usr/local/lib/python3.12/site-packages/sqlalchemy/engine/base.py", line 145, in __init__
    self._dbapi_connection = engine.raw_connection()
  File "/usr/local/lib/python3.12/site-packages/psycopg/connection.py", line 119, in connect
    raise last_ex.with_traceback(None)
psycopg.OperationalError: connection failed: connection to server at "10.43.12.7", port 5432 failed: FATAL:  sorry, too many clients already
(Background on this error at: https://sqlalche.me/e/20/e3q8)
2026-08-14 14:30:50,009 ERROR settle.db [settle-api-7c9d8f5b6-v9c2n] database not ready, retrying
Traceback (most recent call last):
  File "/usr/local/lib/python3.12/site-packages/sqlalchemy/engine/base.py", line 145, in __init__
    self._dbapi_connection = engine.raw_connection()
  File "/usr/local/lib/python3.12/site-packages/psycopg/connection.py", line 119, in connect
    raise last_ex.with_traceback(None)
psycopg.OperationalError: connection failed: connection to server at "10.43.12.7", port 5432 failed: FATAL:  sorry, too many clients already
(Background on this error at: https://sqlalche.me/e/20/e3q8)
2026-08-14 14:30:50,018 ERROR settle.db [settle-api-7c9d8f5b6-v9c2n] database not ready, retrying
Traceback (most recent call last):
  File "/usr/local/lib/python3.12/site-packages/sqlalchemy/engine/base.py", line 145, in __init__
    self._dbapi_connection = engine.raw_connection()
  File "/usr/local/lib/python3.12/site-packages/psycopg/connection.py", line 119, in connect
    raise last_ex.with_traceback(None)
psycopg.OperationalError: connection failed: connection to server at "10.43.12.7", port 5432 failed: FATAL:  sorry, too many clients already
(Background on this error at: https://sqlalche.me/e/20/e3q8)
2026-08-14 14:30:50,027 ERROR settle.db [settle-api-7c9d8f5b6-v9c2n] database not ready, retrying
Traceback (most recent call last):
  File "/usr/local/lib/python3.12/site-packages/sqlalchemy/engine/base.py", line 145, in __init__
    self._dbapi_connection = engine.raw_connection()
  File "/usr/local/lib/python3.12/site-packages/psycopg/connection.py", line 119, in connect
    raise last_ex.with_traceback(None)
psycopg.OperationalError: connection failed: connection to server at "10.43.12.7", port 5432 failed: FATAL:  sorry, too many clients already
(Background on this error at: https://sqlalche.me/e/20/e3q8)
... [settle-api-7c9d8f5b6-v9c2n] message repeated 855 times in the last 10s (sampled by log shipper)
2026-08-14 14:31:12,000 ERROR settle.logs [settle-api-7c9d8f5b6-xk2lp] OSError: [Errno 28] No space left on device: '/var/log/settle/settle.log' (hostPath) -- emitted to stderr
2026-08-14 14:31:18,000 ERROR settle.db [settle-api-7c9d8f5b6-xk2lp] database not ready, retrying
Traceback (most recent call last):
  File "/usr/local/lib/python3.12/site-packages/sqlalchemy/engine/base.py", line 145, in __init__
    self._dbapi_connection = engine.raw_connection()
  File "/usr/local/lib/python3.12/site-packages/psycopg/connection.py", line 119, in connect
    raise last_ex.with_traceback(None)
psycopg.OperationalError: connection failed: connection to server at "10.43.12.7", port 5432 failed: FATAL:  sorry, too many clients already
(Background on this error at: https://sqlalche.me/e/20/e3q8)
2026-08-14 14:31:18,009 ERROR settle.db [settle-api-7c9d8f5b6-xk2lp] database not ready, retrying
Traceback (most recent call last):
  File "/usr/local/lib/python3.12/site-packages/sqlalchemy/engine/base.py", line 145, in __init__
    self._dbapi_connection = engine.raw_connection()
  File "/usr/local/lib/python3.12/site-packages/psycopg/connection.py", line 119, in connect
    raise last_ex.with_traceback(None)
psycopg.OperationalError: connection failed: connection to server at "10.43.12.7", port 5432 failed: FATAL:  sorry, too many clients already
(Background on this error at: https://sqlalche.me/e/20/e3q8)
2026-08-14 14:31:18,018 ERROR settle.db [settle-api-7c9d8f5b6-xk2lp] database not ready, retrying
Traceback (most recent call last):
  File "/usr/local/lib/python3.12/site-packages/sqlalchemy/engine/base.py", line 145, in __init__
    self._dbapi_connection = engine.raw_connection()
  File "/usr/local/lib/python3.12/site-packages/psycopg/connection.py", line 119, in connect
    raise last_ex.with_traceback(None)
psycopg.OperationalError: connection failed: connection to server at "10.43.12.7", port 5432 failed: FATAL:  sorry, too many clients already
(Background on this error at: https://sqlalche.me/e/20/e3q8)
2026-08-14 14:31:18,027 ERROR settle.db [settle-api-7c9d8f5b6-xk2lp] database not ready, retrying
Traceback (most recent call last):
  File "/usr/local/lib/python3.12/site-packages/sqlalchemy/engine/base.py", line 145, in __init__
    self._dbapi_connection = engine.raw_connection()
  File "/usr/local/lib/python3.12/site-packages/psycopg/connection.py", line 119, in connect
    raise last_ex.with_traceback(None)
psycopg.OperationalError: connection failed: connection to server at "10.43.12.7", port 5432 failed: FATAL:  sorry, too many clients already
(Background on this error at: https://sqlalche.me/e/20/e3q8)
... [settle-api-7c9d8f5b6-xk2lp] message repeated 741 times in the last 10s (sampled by log shipper)
2026-08-14 14:31:56,000 ERROR settle.db [settle-api-7c9d8f5b6-j7wq2] database not ready, retrying
Traceback (most recent call last):
  File "/usr/local/lib/python3.12/site-packages/sqlalchemy/engine/base.py", line 145, in __init__
    self._dbapi_connection = engine.raw_connection()
  File "/usr/local/lib/python3.12/site-packages/psycopg/connection.py", line 119, in connect
    raise last_ex.with_traceback(None)
psycopg.OperationalError: connection failed: connection to server at "10.43.12.7", port 5432 failed: FATAL:  sorry, too many clients already
(Background on this error at: https://sqlalche.me/e/20/e3q8)
2026-08-14 14:31:56,009 ERROR settle.db [settle-api-7c9d8f5b6-j7wq2] database not ready, retrying
Traceback (most recent call last):
  File "/usr/local/lib/python3.12/site-packages/sqlalchemy/engine/base.py", line 145, in __init__
    self._dbapi_connection = engine.raw_connection()
  File "/usr/local/lib/python3.12/site-packages/psycopg/connection.py", line 119, in connect
    raise last_ex.with_traceback(None)
psycopg.OperationalError: connection failed: connection to server at "10.43.12.7", port 5432 failed: FATAL:  sorry, too many clients already
(Background on this error at: https://sqlalche.me/e/20/e3q8)
2026-08-14 14:31:56,018 ERROR settle.db [settle-api-7c9d8f5b6-j7wq2] database not ready, retrying
Traceback (most recent call last):
  File "/usr/local/lib/python3.12/site-packages/sqlalchemy/engine/base.py", line 145, in __init__
    self._dbapi_connection = engine.raw_connection()
  File "/usr/local/lib/python3.12/site-packages/psycopg/connection.py", line 119, in connect
    raise last_ex.with_traceback(None)
psycopg.OperationalError: connection failed: connection to server at "10.43.12.7", port 5432 failed: FATAL:  sorry, too many clients already
(Background on this error at: https://sqlalche.me/e/20/e3q8)
2026-08-14 14:31:56,027 ERROR settle.db [settle-api-7c9d8f5b6-j7wq2] database not ready, retrying
Traceback (most recent call last):
  File "/usr/local/lib/python3.12/site-packages/sqlalchemy/engine/base.py", line 145, in __init__
    self._dbapi_connection = engine.raw_connection()
  File "/usr/local/lib/python3.12/site-packages/psycopg/connection.py", line 119, in connect
    raise last_ex.with_traceback(None)
psycopg.OperationalError: connection failed: connection to server at "10.43.12.7", port 5432 failed: FATAL:  sorry, too many clients already
(Background on this error at: https://sqlalche.me/e/20/e3q8)
... [settle-api-7c9d8f5b6-j7wq2] message repeated 867 times in the last 10s (sampled by log shipper)
2026-08-14 14:32:28,000 ERROR settle.db [settle-api-7c9d8f5b6-r5tzm] database not ready, retrying
Traceback (most recent call last):
  File "/usr/local/lib/python3.12/site-packages/sqlalchemy/engine/base.py", line 145, in __init__
    self._dbapi_connection = engine.raw_connection()
  File "/usr/local/lib/python3.12/site-packages/psycopg/connection.py", line 119, in connect
    raise last_ex.with_traceback(None)
psycopg.OperationalError: connection failed: connection to server at "10.43.12.7", port 5432 failed: FATAL:  sorry, too many clients already
(Background on this error at: https://sqlalche.me/e/20/e3q8)
2026-08-14 14:32:28,009 ERROR settle.db [settle-api-7c9d8f5b6-r5tzm] database not ready, retrying
Traceback (most recent call last):
  File "/usr/local/lib/python3.12/site-packages/sqlalchemy/engine/base.py", line 145, in __init__
    self._dbapi_connection = engine.raw_connection()
  File "/usr/local/lib/python3.12/site-packages/psycopg/connection.py", line 119, in connect
    raise last_ex.with_traceback(None)
psycopg.OperationalError: connection failed: connection to server at "10.43.12.7", port 5432 failed: FATAL:  sorry, too many clients already
(Background on this error at: https://sqlalche.me/e/20/e3q8)
2026-08-14 14:32:28,018 ERROR settle.db [settle-api-7c9d8f5b6-r5tzm] database not ready, retrying
Traceback (most recent call last):
  File "/usr/local/lib/python3.12/site-packages/sqlalchemy/engine/base.py", line 145, in __init__
    self._dbapi_connection = engine.raw_connection()
  File "/usr/local/lib/python3.12/site-packages/psycopg/connection.py", line 119, in connect
    raise last_ex.with_traceback(None)
psycopg.OperationalError: connection failed: connection to server at "10.43.12.7", port 5432 failed: FATAL:  sorry, too many clients already
(Background on this error at: https://sqlalche.me/e/20/e3q8)
... [settle-api-7c9d8f5b6-r5tzm] message repeated 788 times in the last 10s (sampled by log shipper)
2026-08-14 14:32:49,000 ERROR settle.db [settle-api-7c9d8f5b6-r5tzm] database not ready, retrying
Traceback (most recent call last):
  File "/usr/local/lib/python3.12/site-packages/sqlalchemy/engine/base.py", line 145, in __init__
    self._dbapi_connection = engine.raw_connection()
  File "/usr/local/lib/python3.12/site-packages/psycopg/connection.py", line 119, in connect
    raise last_ex.with_traceback(None)
psycopg.OperationalError: connection failed: connection to server at "10.43.12.7", port 5432 failed: FATAL:  sorry, too many clients already
(Background on this error at: https://sqlalche.me/e/20/e3q8)
2026-08-14 14:32:49,009 ERROR settle.db [settle-api-7c9d8f5b6-r5tzm] database not ready, retrying
Traceback (most recent call last):
  File "/usr/local/lib/python3.12/site-packages/sqlalchemy/engine/base.py", line 145, in __init__
    self._dbapi_connection = engine.raw_connection()
  File "/usr/local/lib/python3.12/site-packages/psycopg/connection.py", line 119, in connect
    raise last_ex.with_traceback(None)
psycopg.OperationalError: connection failed: connection to server at "10.43.12.7", port 5432 failed: FATAL:  sorry, too many clients already
(Background on this error at: https://sqlalche.me/e/20/e3q8)
2026-08-14 14:32:49,018 ERROR settle.db [settle-api-7c9d8f5b6-r5tzm] database not ready, retrying
Traceback (most recent call last):
  File "/usr/local/lib/python3.12/site-packages/sqlalchemy/engine/base.py", line 145, in __init__
    self._dbapi_connection = engine.raw_connection()
  File "/usr/local/lib/python3.12/site-packages/psycopg/connection.py", line 119, in connect
    raise last_ex.with_traceback(None)
psycopg.OperationalError: connection failed: connection to server at "10.43.12.7", port 5432 failed: FATAL:  sorry, too many clients already
(Background on this error at: https://sqlalche.me/e/20/e3q8)
... [settle-api-7c9d8f5b6-r5tzm] message repeated 850 times in the last 10s (sampled by log shipper)
2026-08-14 14:33:39,000 ERROR settle.db [settle-api-7c9d8f5b6-b4n8s] database not ready, retrying
Traceback (most recent call last):
  File "/usr/local/lib/python3.12/site-packages/sqlalchemy/engine/base.py", line 145, in __init__
    self._dbapi_connection = engine.raw_connection()
  File "/usr/local/lib/python3.12/site-packages/psycopg/connection.py", line 119, in connect
    raise last_ex.with_traceback(None)
psycopg.OperationalError: connection failed: connection to server at "10.43.12.7", port 5432 failed: FATAL:  sorry, too many clients already
(Background on this error at: https://sqlalche.me/e/20/e3q8)
2026-08-14 14:33:39,009 ERROR settle.db [settle-api-7c9d8f5b6-b4n8s] database not ready, retrying
Traceback (most recent call last):
  File "/usr/local/lib/python3.12/site-packages/sqlalchemy/engine/base.py", line 145, in __init__
    self._dbapi_connection = engine.raw_connection()
  File "/usr/local/lib/python3.12/site-packages/psycopg/connection.py", line 119, in connect
    raise last_ex.with_traceback(None)
psycopg.OperationalError: connection failed: connection to server at "10.43.12.7", port 5432 failed: FATAL:  sorry, too many clients already
(Background on this error at: https://sqlalche.me/e/20/e3q8)
2026-08-14 14:33:39,018 ERROR settle.db [settle-api-7c9d8f5b6-b4n8s] database not ready, retrying
Traceback (most recent call last):
  File "/usr/local/lib/python3.12/site-packages/sqlalchemy/engine/base.py", line 145, in __init__
    self._dbapi_connection = engine.raw_connection()
  File "/usr/local/lib/python3.12/site-packages/psycopg/connection.py", line 119, in connect
    raise last_ex.with_traceback(None)
psycopg.OperationalError: connection failed: connection to server at "10.43.12.7", port 5432 failed: FATAL:  sorry, too many clients already
(Background on this error at: https://sqlalche.me/e/20/e3q8)
... [settle-api-7c9d8f5b6-b4n8s] message repeated 640 times in the last 10s (sampled by log shipper)
2026-08-14 14:34:26,000 ERROR settle.db [settle-api-7c9d8f5b6-b4n8s] database not ready, retrying
Traceback (most recent call last):
  File "/usr/local/lib/python3.12/site-packages/sqlalchemy/engine/base.py", line 145, in __init__
    self._dbapi_connection = engine.raw_connection()
  File "/usr/local/lib/python3.12/site-packages/psycopg/connection.py", line 119, in connect
    raise last_ex.with_traceback(None)
psycopg.OperationalError: connection failed: connection to server at "10.43.12.7", port 5432 failed: FATAL:  sorry, too many clients already
(Background on this error at: https://sqlalche.me/e/20/e3q8)
2026-08-14 14:34:26,009 ERROR settle.db [settle-api-7c9d8f5b6-b4n8s] database not ready, retrying
Traceback (most recent call last):
  File "/usr/local/lib/python3.12/site-packages/sqlalchemy/engine/base.py", line 145, in __init__
    self._dbapi_connection = engine.raw_connection()
  File "/usr/local/lib/python3.12/site-packages/psycopg/connection.py", line 119, in connect
    raise last_ex.with_traceback(None)
psycopg.OperationalError: connection failed: connection to server at "10.43.12.7", port 5432 failed: FATAL:  sorry, too many clients already
(Background on this error at: https://sqlalche.me/e/20/e3q8)
2026-08-14 14:34:26,018 ERROR settle.db [settle-api-7c9d8f5b6-b4n8s] database not ready, retrying
Traceback (most recent call last):
  File "/usr/local/lib/python3.12/site-packages/sqlalchemy/engine/base.py", line 145, in __init__
    self._dbapi_connection = engine.raw_connection()
  File "/usr/local/lib/python3.12/site-packages/psycopg/connection.py", line 119, in connect
    raise last_ex.with_traceback(None)
psycopg.OperationalError: connection failed: connection to server at "10.43.12.7", port 5432 failed: FATAL:  sorry, too many clients already
(Background on this error at: https://sqlalche.me/e/20/e3q8)
2026-08-14 14:34:26,027 ERROR settle.db [settle-api-7c9d8f5b6-b4n8s] database not ready, retrying
Traceback (most recent call last):
  File "/usr/local/lib/python3.12/site-packages/sqlalchemy/engine/base.py", line 145, in __init__
    self._dbapi_connection = engine.raw_connection()
  File "/usr/local/lib/python3.12/site-packages/psycopg/connection.py", line 119, in connect
    raise last_ex.with_traceback(None)
psycopg.OperationalError: connection failed: connection to server at "10.43.12.7", port 5432 failed: FATAL:  sorry, too many clients already
(Background on this error at: https://sqlalche.me/e/20/e3q8)
... [settle-api-7c9d8f5b6-b4n8s] message repeated 883 times in the last 10s (sampled by log shipper)
2026-08-14 14:34:54,000 ERROR settle.db [settle-api-7c9d8f5b6-xk2lp] database not ready, retrying
Traceback (most recent call last):
  File "/usr/local/lib/python3.12/site-packages/sqlalchemy/engine/base.py", line 145, in __init__
    self._dbapi_connection = engine.raw_connection()
  File "/usr/local/lib/python3.12/site-packages/psycopg/connection.py", line 119, in connect
    raise last_ex.with_traceback(None)
psycopg.OperationalError: connection failed: connection to server at "10.43.12.7", port 5432 failed: FATAL:  sorry, too many clients already
(Background on this error at: https://sqlalche.me/e/20/e3q8)
2026-08-14 14:34:54,009 ERROR settle.db [settle-api-7c9d8f5b6-xk2lp] database not ready, retrying
Traceback (most recent call last):
  File "/usr/local/lib/python3.12/site-packages/sqlalchemy/engine/base.py", line 145, in __init__
    self._dbapi_connection = engine.raw_connection()
  File "/usr/local/lib/python3.12/site-packages/psycopg/connection.py", line 119, in connect
    raise last_ex.with_traceback(None)
psycopg.OperationalError: connection failed: connection to server at "10.43.12.7", port 5432 failed: FATAL:  sorry, too many clients already
(Background on this error at: https://sqlalche.me/e/20/e3q8)
2026-08-14 14:34:54,018 ERROR settle.db [settle-api-7c9d8f5b6-xk2lp] database not ready, retrying
Traceback (most recent call last):
  File "/usr/local/lib/python3.12/site-packages/sqlalchemy/engine/base.py", line 145, in __init__
    self._dbapi_connection = engine.raw_connection()
  File "/usr/local/lib/python3.12/site-packages/psycopg/connection.py", line 119, in connect
    raise last_ex.with_traceback(None)
psycopg.OperationalError: connection failed: connection to server at "10.43.12.7", port 5432 failed: FATAL:  sorry, too many clients already
(Background on this error at: https://sqlalche.me/e/20/e3q8)
2026-08-14 14:34:54,027 ERROR settle.db [settle-api-7c9d8f5b6-xk2lp] database not ready, retrying
Traceback (most recent call last):
  File "/usr/local/lib/python3.12/site-packages/sqlalchemy/engine/base.py", line 145, in __init__
    self._dbapi_connection = engine.raw_connection()
  File "/usr/local/lib/python3.12/site-packages/psycopg/connection.py", line 119, in connect
    raise last_ex.with_traceback(None)
psycopg.OperationalError: connection failed: connection to server at "10.43.12.7", port 5432 failed: FATAL:  sorry, too many clients already
(Background on this error at: https://sqlalche.me/e/20/e3q8)
... [settle-api-7c9d8f5b6-xk2lp] message repeated 902 times in the last 10s (sampled by log shipper)
2026-08-14 14:35:23,000 ERROR settle.db [settle-api-7c9d8f5b6-b4n8s] database not ready, retrying
Traceback (most recent call last):
  File "/usr/local/lib/python3.12/site-packages/sqlalchemy/engine/base.py", line 145, in __init__
    self._dbapi_connection = engine.raw_connection()
  File "/usr/local/lib/python3.12/site-packages/psycopg/connection.py", line 119, in connect
    raise last_ex.with_traceback(None)
psycopg.OperationalError: connection failed: connection to server at "10.43.12.7", port 5432 failed: FATAL:  sorry, too many clients already
(Background on this error at: https://sqlalche.me/e/20/e3q8)
2026-08-14 14:35:23,009 ERROR settle.db [settle-api-7c9d8f5b6-b4n8s] database not ready, retrying
Traceback (most recent call last):
  File "/usr/local/lib/python3.12/site-packages/sqlalchemy/engine/base.py", line 145, in __init__
    self._dbapi_connection = engine.raw_connection()
  File "/usr/local/lib/python3.12/site-packages/psycopg/connection.py", line 119, in connect
    raise last_ex.with_traceback(None)
psycopg.OperationalError: connection failed: connection to server at "10.43.12.7", port 5432 failed: FATAL:  sorry, too many clients already
(Background on this error at: https://sqlalche.me/e/20/e3q8)
2026-08-14 14:35:23,018 ERROR settle.db [settle-api-7c9d8f5b6-b4n8s] database not ready, retrying
Traceback (most recent call last):
  File "/usr/local/lib/python3.12/site-packages/sqlalchemy/engine/base.py", line 145, in __init__
    self._dbapi_connection = engine.raw_connection()
  File "/usr/local/lib/python3.12/site-packages/psycopg/connection.py", line 119, in connect
    raise last_ex.with_traceback(None)
psycopg.OperationalError: connection failed: connection to server at "10.43.12.7", port 5432 failed: FATAL:  sorry, too many clients already
(Background on this error at: https://sqlalche.me/e/20/e3q8)
2026-08-14 14:35:23,027 ERROR settle.db [settle-api-7c9d8f5b6-b4n8s] database not ready, retrying
Traceback (most recent call last):
  File "/usr/local/lib/python3.12/site-packages/sqlalchemy/engine/base.py", line 145, in __init__
    self._dbapi_connection = engine.raw_connection()
  File "/usr/local/lib/python3.12/site-packages/psycopg/connection.py", line 119, in connect
    raise last_ex.with_traceback(None)
psycopg.OperationalError: connection failed: connection to server at "10.43.12.7", port 5432 failed: FATAL:  sorry, too many clients already
(Background on this error at: https://sqlalche.me/e/20/e3q8)
... [settle-api-7c9d8f5b6-b4n8s] message repeated 664 times in the last 10s (sampled by log shipper)
2026-08-14 14:35:58,000 ERROR settle.db [settle-api-7c9d8f5b6-b4n8s] database not ready, retrying
Traceback (most recent call last):
  File "/usr/local/lib/python3.12/site-packages/sqlalchemy/engine/base.py", line 145, in __init__
    self._dbapi_connection = engine.raw_connection()
  File "/usr/local/lib/python3.12/site-packages/psycopg/connection.py", line 119, in connect
    raise last_ex.with_traceback(None)
psycopg.OperationalError: connection failed: connection to server at "10.43.12.7", port 5432 failed: FATAL:  sorry, too many clients already
(Background on this error at: https://sqlalche.me/e/20/e3q8)
2026-08-14 14:35:58,009 ERROR settle.db [settle-api-7c9d8f5b6-b4n8s] database not ready, retrying
Traceback (most recent call last):
  File "/usr/local/lib/python3.12/site-packages/sqlalchemy/engine/base.py", line 145, in __init__
    self._dbapi_connection = engine.raw_connection()
  File "/usr/local/lib/python3.12/site-packages/psycopg/connection.py", line 119, in connect
    raise last_ex.with_traceback(None)
psycopg.OperationalError: connection failed: connection to server at "10.43.12.7", port 5432 failed: FATAL:  sorry, too many clients already
(Background on this error at: https://sqlalche.me/e/20/e3q8)
2026-08-14 14:35:58,018 ERROR settle.db [settle-api-7c9d8f5b6-b4n8s] database not ready, retrying
Traceback (most recent call last):
  File "/usr/local/lib/python3.12/site-packages/sqlalchemy/engine/base.py", line 145, in __init__
    self._dbapi_connection = engine.raw_connection()
  File "/usr/local/lib/python3.12/site-packages/psycopg/connection.py", line 119, in connect
    raise last_ex.with_traceback(None)
psycopg.OperationalError: connection failed: connection to server at "10.43.12.7", port 5432 failed: FATAL:  sorry, too many clients already
(Background on this error at: https://sqlalche.me/e/20/e3q8)
... [settle-api-7c9d8f5b6-b4n8s] message repeated 650 times in the last 10s (sampled by log shipper)
2026-08-14 14:36:28,000 ERROR settle.db [settle-api-7c9d8f5b6-p8x3v] database not ready, retrying
Traceback (most recent call last):
  File "/usr/local/lib/python3.12/site-packages/sqlalchemy/engine/base.py", line 145, in __init__
    self._dbapi_connection = engine.raw_connection()
  File "/usr/local/lib/python3.12/site-packages/psycopg/connection.py", line 119, in connect
    raise last_ex.with_traceback(None)
psycopg.OperationalError: connection failed: connection to server at "10.43.12.7", port 5432 failed: FATAL:  sorry, too many clients already
(Background on this error at: https://sqlalche.me/e/20/e3q8)
2026-08-14 14:36:28,009 ERROR settle.db [settle-api-7c9d8f5b6-p8x3v] database not ready, retrying
Traceback (most recent call last):
  File "/usr/local/lib/python3.12/site-packages/sqlalchemy/engine/base.py", line 145, in __init__
    self._dbapi_connection = engine.raw_connection()
  File "/usr/local/lib/python3.12/site-packages/psycopg/connection.py", line 119, in connect
    raise last_ex.with_traceback(None)
psycopg.OperationalError: connection failed: connection to server at "10.43.12.7", port 5432 failed: FATAL:  sorry, too many clients already
(Background on this error at: https://sqlalche.me/e/20/e3q8)
2026-08-14 14:36:28,018 ERROR settle.db [settle-api-7c9d8f5b6-p8x3v] database not ready, retrying
Traceback (most recent call last):
  File "/usr/local/lib/python3.12/site-packages/sqlalchemy/engine/base.py", line 145, in __init__
    self._dbapi_connection = engine.raw_connection()
  File "/usr/local/lib/python3.12/site-packages/psycopg/connection.py", line 119, in connect
    raise last_ex.with_traceback(None)
psycopg.OperationalError: connection failed: connection to server at "10.43.12.7", port 5432 failed: FATAL:  sorry, too many clients already
(Background on this error at: https://sqlalche.me/e/20/e3q8)
2026-08-14 14:36:28,027 ERROR settle.db [settle-api-7c9d8f5b6-p8x3v] database not ready, retrying
Traceback (most recent call last):
  File "/usr/local/lib/python3.12/site-packages/sqlalchemy/engine/base.py", line 145, in __init__
    self._dbapi_connection = engine.raw_connection()
  File "/usr/local/lib/python3.12/site-packages/psycopg/connection.py", line 119, in connect
    raise last_ex.with_traceback(None)
psycopg.OperationalError: connection failed: connection to server at "10.43.12.7", port 5432 failed: FATAL:  sorry, too many clients already
(Background on this error at: https://sqlalche.me/e/20/e3q8)
... [settle-api-7c9d8f5b6-p8x3v] message repeated 771 times in the last 10s (sampled by log shipper)
2026-08-14 14:37:04,000 ERROR settle.db [settle-api-7c9d8f5b6-p8x3v] database not ready, retrying
Traceback (most recent call last):
  File "/usr/local/lib/python3.12/site-packages/sqlalchemy/engine/base.py", line 145, in __init__
    self._dbapi_connection = engine.raw_connection()
  File "/usr/local/lib/python3.12/site-packages/psycopg/connection.py", line 119, in connect
    raise last_ex.with_traceback(None)
psycopg.OperationalError: connection failed: connection to server at "10.43.12.7", port 5432 failed: FATAL:  sorry, too many clients already
(Background on this error at: https://sqlalche.me/e/20/e3q8)
2026-08-14 14:37:04,009 ERROR settle.db [settle-api-7c9d8f5b6-p8x3v] database not ready, retrying
Traceback (most recent call last):
  File "/usr/local/lib/python3.12/site-packages/sqlalchemy/engine/base.py", line 145, in __init__
    self._dbapi_connection = engine.raw_connection()
  File "/usr/local/lib/python3.12/site-packages/psycopg/connection.py", line 119, in connect
    raise last_ex.with_traceback(None)
psycopg.OperationalError: connection failed: connection to server at "10.43.12.7", port 5432 failed: FATAL:  sorry, too many clients already
(Background on this error at: https://sqlalche.me/e/20/e3q8)
2026-08-14 14:37:04,018 ERROR settle.db [settle-api-7c9d8f5b6-p8x3v] database not ready, retrying
Traceback (most recent call last):
  File "/usr/local/lib/python3.12/site-packages/sqlalchemy/engine/base.py", line 145, in __init__
    self._dbapi_connection = engine.raw_connection()
  File "/usr/local/lib/python3.12/site-packages/psycopg/connection.py", line 119, in connect
    raise last_ex.with_traceback(None)
psycopg.OperationalError: connection failed: connection to server at "10.43.12.7", port 5432 failed: FATAL:  sorry, too many clients already
(Background on this error at: https://sqlalche.me/e/20/e3q8)
2026-08-14 14:37:04,027 ERROR settle.db [settle-api-7c9d8f5b6-p8x3v] database not ready, retrying
Traceback (most recent call last):
  File "/usr/local/lib/python3.12/site-packages/sqlalchemy/engine/base.py", line 145, in __init__
    self._dbapi_connection = engine.raw_connection()
  File "/usr/local/lib/python3.12/site-packages/psycopg/connection.py", line 119, in connect
    raise last_ex.with_traceback(None)
psycopg.OperationalError: connection failed: connection to server at "10.43.12.7", port 5432 failed: FATAL:  sorry, too many clients already
(Background on this error at: https://sqlalche.me/e/20/e3q8)
... [settle-api-7c9d8f5b6-p8x3v] message repeated 726 times in the last 10s (sampled by log shipper)
2026-08-14 14:37:28,000 ERROR settle.db [settle-api-7c9d8f5b6-m2k9d] database not ready, retrying
Traceback (most recent call last):
  File "/usr/local/lib/python3.12/site-packages/sqlalchemy/engine/base.py", line 145, in __init__
    self._dbapi_connection = engine.raw_connection()
  File "/usr/local/lib/python3.12/site-packages/psycopg/connection.py", line 119, in connect
    raise last_ex.with_traceback(None)
psycopg.OperationalError: connection failed: connection to server at "10.43.12.7", port 5432 failed: FATAL:  sorry, too many clients already
(Background on this error at: https://sqlalche.me/e/20/e3q8)
2026-08-14 14:37:28,009 ERROR settle.db [settle-api-7c9d8f5b6-m2k9d] database not ready, retrying
Traceback (most recent call last):
  File "/usr/local/lib/python3.12/site-packages/sqlalchemy/engine/base.py", line 145, in __init__
    self._dbapi_connection = engine.raw_connection()
  File "/usr/local/lib/python3.12/site-packages/psycopg/connection.py", line 119, in connect
    raise last_ex.with_traceback(None)
psycopg.OperationalError: connection failed: connection to server at "10.43.12.7", port 5432 failed: FATAL:  sorry, too many clients already
(Background on this error at: https://sqlalche.me/e/20/e3q8)
2026-08-14 14:37:28,018 ERROR settle.db [settle-api-7c9d8f5b6-m2k9d] database not ready, retrying
Traceback (most recent call last):
  File "/usr/local/lib/python3.12/site-packages/sqlalchemy/engine/base.py", line 145, in __init__
    self._dbapi_connection = engine.raw_connection()
  File "/usr/local/lib/python3.12/site-packages/psycopg/connection.py", line 119, in connect
    raise last_ex.with_traceback(None)
psycopg.OperationalError: connection failed: connection to server at "10.43.12.7", port 5432 failed: FATAL:  sorry, too many clients already
(Background on this error at: https://sqlalche.me/e/20/e3q8)
... [settle-api-7c9d8f5b6-m2k9d] message repeated 692 times in the last 10s (sampled by log shipper)
2026-08-14 14:38:05,000 ERROR settle.db [settle-api-7c9d8f5b6-z3fw8] database not ready, retrying
Traceback (most recent call last):
  File "/usr/local/lib/python3.12/site-packages/sqlalchemy/engine/base.py", line 145, in __init__
    self._dbapi_connection = engine.raw_connection()
  File "/usr/local/lib/python3.12/site-packages/psycopg/connection.py", line 119, in connect
    raise last_ex.with_traceback(None)
psycopg.OperationalError: connection failed: connection to server at "10.43.12.7", port 5432 failed: FATAL:  sorry, too many clients already
(Background on this error at: https://sqlalche.me/e/20/e3q8)
2026-08-14 14:38:05,009 ERROR settle.db [settle-api-7c9d8f5b6-z3fw8] database not ready, retrying
Traceback (most recent call last):
  File "/usr/local/lib/python3.12/site-packages/sqlalchemy/engine/base.py", line 145, in __init__
    self._dbapi_connection = engine.raw_connection()
  File "/usr/local/lib/python3.12/site-packages/psycopg/connection.py", line 119, in connect
    raise last_ex.with_traceback(None)
psycopg.OperationalError: connection failed: connection to server at "10.43.12.7", port 5432 failed: FATAL:  sorry, too many clients already
(Background on this error at: https://sqlalche.me/e/20/e3q8)
2026-08-14 14:38:05,018 ERROR settle.db [settle-api-7c9d8f5b6-z3fw8] database not ready, retrying
Traceback (most recent call last):
  File "/usr/local/lib/python3.12/site-packages/sqlalchemy/engine/base.py", line 145, in __init__
    self._dbapi_connection = engine.raw_connection()
  File "/usr/local/lib/python3.12/site-packages/psycopg/connection.py", line 119, in connect
    raise last_ex.with_traceback(None)
psycopg.OperationalError: connection failed: connection to server at "10.43.12.7", port 5432 failed: FATAL:  sorry, too many clients already
(Background on this error at: https://sqlalche.me/e/20/e3q8)
2026-08-14 14:38:05,027 ERROR settle.db [settle-api-7c9d8f5b6-z3fw8] database not ready, retrying
Traceback (most recent call last):
  File "/usr/local/lib/python3.12/site-packages/sqlalchemy/engine/base.py", line 145, in __init__
    self._dbapi_connection = engine.raw_connection()
  File "/usr/local/lib/python3.12/site-packages/psycopg/connection.py", line 119, in connect
    raise last_ex.with_traceback(None)
psycopg.OperationalError: connection failed: connection to server at "10.43.12.7", port 5432 failed: FATAL:  sorry, too many clients already
(Background on this error at: https://sqlalche.me/e/20/e3q8)
2026-08-14 14:38:05,036 ERROR settle.db [settle-api-7c9d8f5b6-z3fw8] database not ready, retrying
Traceback (most recent call last):
  File "/usr/local/lib/python3.12/site-packages/sqlalchemy/engine/base.py", line 145, in __init__
    self._dbapi_connection = engine.raw_connection()
  File "/usr/local/lib/python3.12/site-packages/psycopg/connection.py", line 119, in connect
    raise last_ex.with_traceback(None)
psycopg.OperationalError: connection failed: connection to server at "10.43.12.7", port 5432 failed: FATAL:  sorry, too many clients already
(Background on this error at: https://sqlalche.me/e/20/e3q8)
... [settle-api-7c9d8f5b6-z3fw8] message repeated 807 times in the last 10s (sampled by log shipper)
2026-08-14 14:38:37,000 ERROR settle.db [settle-api-7c9d8f5b6-r5tzm] database not ready, retrying
Traceback (most recent call last):
  File "/usr/local/lib/python3.12/site-packages/sqlalchemy/engine/base.py", line 145, in __init__
    self._dbapi_connection = engine.raw_connection()
  File "/usr/local/lib/python3.12/site-packages/psycopg/connection.py", line 119, in connect
    raise last_ex.with_traceback(None)
psycopg.OperationalError: connection failed: connection to server at "10.43.12.7", port 5432 failed: FATAL:  sorry, too many clients already
(Background on this error at: https://sqlalche.me/e/20/e3q8)
2026-08-14 14:38:37,009 ERROR settle.db [settle-api-7c9d8f5b6-r5tzm] database not ready, retrying
Traceback (most recent call last):
  File "/usr/local/lib/python3.12/site-packages/sqlalchemy/engine/base.py", line 145, in __init__
    self._dbapi_connection = engine.raw_connection()
  File "/usr/local/lib/python3.12/site-packages/psycopg/connection.py", line 119, in connect
    raise last_ex.with_traceback(None)
psycopg.OperationalError: connection failed: connection to server at "10.43.12.7", port 5432 failed: FATAL:  sorry, too many clients already
(Background on this error at: https://sqlalche.me/e/20/e3q8)
2026-08-14 14:38:37,018 ERROR settle.db [settle-api-7c9d8f5b6-r5tzm] database not ready, retrying
Traceback (most recent call last):
  File "/usr/local/lib/python3.12/site-packages/sqlalchemy/engine/base.py", line 145, in __init__
    self._dbapi_connection = engine.raw_connection()
  File "/usr/local/lib/python3.12/site-packages/psycopg/connection.py", line 119, in connect
    raise last_ex.with_traceback(None)
psycopg.OperationalError: connection failed: connection to server at "10.43.12.7", port 5432 failed: FATAL:  sorry, too many clients already
(Background on this error at: https://sqlalche.me/e/20/e3q8)
2026-08-14 14:38:37,027 ERROR settle.db [settle-api-7c9d8f5b6-r5tzm] database not ready, retrying
Traceback (most recent call last):
  File "/usr/local/lib/python3.12/site-packages/sqlalchemy/engine/base.py", line 145, in __init__
    self._dbapi_connection = engine.raw_connection()
  File "/usr/local/lib/python3.12/site-packages/psycopg/connection.py", line 119, in connect
    raise last_ex.with_traceback(None)
psycopg.OperationalError: connection failed: connection to server at "10.43.12.7", port 5432 failed: FATAL:  sorry, too many clients already
(Background on this error at: https://sqlalche.me/e/20/e3q8)
2026-08-14 14:38:37,036 ERROR settle.db [settle-api-7c9d8f5b6-r5tzm] database not ready, retrying
Traceback (most recent call last):
  File "/usr/local/lib/python3.12/site-packages/sqlalchemy/engine/base.py", line 145, in __init__
    self._dbapi_connection = engine.raw_connection()
  File "/usr/local/lib/python3.12/site-packages/psycopg/connection.py", line 119, in connect
    raise last_ex.with_traceback(None)
psycopg.OperationalError: connection failed: connection to server at "10.43.12.7", port 5432 failed: FATAL:  sorry, too many clients already
(Background on this error at: https://sqlalche.me/e/20/e3q8)
2026-08-14 14:38:37,045 ERROR settle.db [settle-api-7c9d8f5b6-r5tzm] database not ready, retrying
Traceback (most recent call last):
  File "/usr/local/lib/python3.12/site-packages/sqlalchemy/engine/base.py", line 145, in __init__
    self._dbapi_connection = engine.raw_connection()
  File "/usr/local/lib/python3.12/site-packages/psycopg/connection.py", line 119, in connect
    raise last_ex.with_traceback(None)
psycopg.OperationalError: connection failed: connection to server at "10.43.12.7", port 5432 failed: FATAL:  sorry, too many clients already
(Background on this error at: https://sqlalche.me/e/20/e3q8)
... [settle-api-7c9d8f5b6-r5tzm] message repeated 830 times in the last 10s (sampled by log shipper)
2026-08-14 14:39:23,000 ERROR settle.db [settle-api-7c9d8f5b6-r5tzm] database not ready, retrying
Traceback (most recent call last):
  File "/usr/local/lib/python3.12/site-packages/sqlalchemy/engine/base.py", line 145, in __init__
    self._dbapi_connection = engine.raw_connection()
  File "/usr/local/lib/python3.12/site-packages/psycopg/connection.py", line 119, in connect
    raise last_ex.with_traceback(None)
psycopg.OperationalError: connection failed: connection to server at "10.43.12.7", port 5432 failed: FATAL:  sorry, too many clients already
(Background on this error at: https://sqlalche.me/e/20/e3q8)
2026-08-14 14:39:23,009 ERROR settle.db [settle-api-7c9d8f5b6-r5tzm] database not ready, retrying
Traceback (most recent call last):
  File "/usr/local/lib/python3.12/site-packages/sqlalchemy/engine/base.py", line 145, in __init__
    self._dbapi_connection = engine.raw_connection()
  File "/usr/local/lib/python3.12/site-packages/psycopg/connection.py", line 119, in connect
    raise last_ex.with_traceback(None)
psycopg.OperationalError: connection failed: connection to server at "10.43.12.7", port 5432 failed: FATAL:  sorry, too many clients already
(Background on this error at: https://sqlalche.me/e/20/e3q8)
2026-08-14 14:39:23,018 ERROR settle.db [settle-api-7c9d8f5b6-r5tzm] database not ready, retrying
Traceback (most recent call last):
  File "/usr/local/lib/python3.12/site-packages/sqlalchemy/engine/base.py", line 145, in __init__
    self._dbapi_connection = engine.raw_connection()
  File "/usr/local/lib/python3.12/site-packages/psycopg/connection.py", line 119, in connect
    raise last_ex.with_traceback(None)
psycopg.OperationalError: connection failed: connection to server at "10.43.12.7", port 5432 failed: FATAL:  sorry, too many clients already
(Background on this error at: https://sqlalche.me/e/20/e3q8)
... [settle-api-7c9d8f5b6-r5tzm] message repeated 764 times in the last 10s (sampled by log shipper)
2026-08-14 14:40:11,000 ERROR settle.db [settle-api-7c9d8f5b6-h4r7k] database not ready, retrying
Traceback (most recent call last):
  File "/usr/local/lib/python3.12/site-packages/sqlalchemy/engine/base.py", line 145, in __init__
    self._dbapi_connection = engine.raw_connection()
  File "/usr/local/lib/python3.12/site-packages/psycopg/connection.py", line 119, in connect
    raise last_ex.with_traceback(None)
psycopg.OperationalError: connection failed: connection to server at "10.43.12.7", port 5432 failed: FATAL:  sorry, too many clients already
(Background on this error at: https://sqlalche.me/e/20/e3q8)
2026-08-14 14:40:11,009 ERROR settle.db [settle-api-7c9d8f5b6-h4r7k] database not ready, retrying
Traceback (most recent call last):
  File "/usr/local/lib/python3.12/site-packages/sqlalchemy/engine/base.py", line 145, in __init__
    self._dbapi_connection = engine.raw_connection()
  File "/usr/local/lib/python3.12/site-packages/psycopg/connection.py", line 119, in connect
    raise last_ex.with_traceback(None)
psycopg.OperationalError: connection failed: connection to server at "10.43.12.7", port 5432 failed: FATAL:  sorry, too many clients already
(Background on this error at: https://sqlalche.me/e/20/e3q8)
2026-08-14 14:40:11,018 ERROR settle.db [settle-api-7c9d8f5b6-h4r7k] database not ready, retrying
Traceback (most recent call last):
  File "/usr/local/lib/python3.12/site-packages/sqlalchemy/engine/base.py", line 145, in __init__
    self._dbapi_connection = engine.raw_connection()
  File "/usr/local/lib/python3.12/site-packages/psycopg/connection.py", line 119, in connect
    raise last_ex.with_traceback(None)
psycopg.OperationalError: connection failed: connection to server at "10.43.12.7", port 5432 failed: FATAL:  sorry, too many clients already
(Background on this error at: https://sqlalche.me/e/20/e3q8)
2026-08-14 14:40:11,027 ERROR settle.db [settle-api-7c9d8f5b6-h4r7k] database not ready, retrying
Traceback (most recent call last):
  File "/usr/local/lib/python3.12/site-packages/sqlalchemy/engine/base.py", line 145, in __init__
    self._dbapi_connection = engine.raw_connection()
  File "/usr/local/lib/python3.12/site-packages/psycopg/connection.py", line 119, in connect
    raise last_ex.with_traceback(None)
psycopg.OperationalError: connection failed: connection to server at "10.43.12.7", port 5432 failed: FATAL:  sorry, too many clients already
(Background on this error at: https://sqlalche.me/e/20/e3q8)
... [settle-api-7c9d8f5b6-h4r7k] message repeated 747 times in the last 10s (sampled by log shipper)
2026-08-14 14:40:31,000 ERROR settle.db [settle-api-7c9d8f5b6-m2k9d] database not ready, retrying
Traceback (most recent call last):
  File "/usr/local/lib/python3.12/site-packages/sqlalchemy/engine/base.py", line 145, in __init__
    self._dbapi_connection = engine.raw_connection()
  File "/usr/local/lib/python3.12/site-packages/psycopg/connection.py", line 119, in connect
    raise last_ex.with_traceback(None)
psycopg.OperationalError: connection failed: connection to server at "10.43.12.7", port 5432 failed: FATAL:  sorry, too many clients already
(Background on this error at: https://sqlalche.me/e/20/e3q8)
2026-08-14 14:40:31,009 ERROR settle.db [settle-api-7c9d8f5b6-m2k9d] database not ready, retrying
Traceback (most recent call last):
  File "/usr/local/lib/python3.12/site-packages/sqlalchemy/engine/base.py", line 145, in __init__
    self._dbapi_connection = engine.raw_connection()
  File "/usr/local/lib/python3.12/site-packages/psycopg/connection.py", line 119, in connect
    raise last_ex.with_traceback(None)
psycopg.OperationalError: connection failed: connection to server at "10.43.12.7", port 5432 failed: FATAL:  sorry, too many clients already
(Background on this error at: https://sqlalche.me/e/20/e3q8)
2026-08-14 14:40:31,018 ERROR settle.db [settle-api-7c9d8f5b6-m2k9d] database not ready, retrying
Traceback (most recent call last):
  File "/usr/local/lib/python3.12/site-packages/sqlalchemy/engine/base.py", line 145, in __init__
    self._dbapi_connection = engine.raw_connection()
  File "/usr/local/lib/python3.12/site-packages/psycopg/connection.py", line 119, in connect
    raise last_ex.with_traceback(None)
psycopg.OperationalError: connection failed: connection to server at "10.43.12.7", port 5432 failed: FATAL:  sorry, too many clients already
(Background on this error at: https://sqlalche.me/e/20/e3q8)
2026-08-14 14:40:31,027 ERROR settle.db [settle-api-7c9d8f5b6-m2k9d] database not ready, retrying
Traceback (most recent call last):
  File "/usr/local/lib/python3.12/site-packages/sqlalchemy/engine/base.py", line 145, in __init__
    self._dbapi_connection = engine.raw_connection()
  File "/usr/local/lib/python3.12/site-packages/psycopg/connection.py", line 119, in connect
    raise last_ex.with_traceback(None)
psycopg.OperationalError: connection failed: connection to server at "10.43.12.7", port 5432 failed: FATAL:  sorry, too many clients already
(Background on this error at: https://sqlalche.me/e/20/e3q8)
2026-08-14 14:40:31,036 ERROR settle.db [settle-api-7c9d8f5b6-m2k9d] database not ready, retrying
Traceback (most recent call last):
  File "/usr/local/lib/python3.12/site-packages/sqlalchemy/engine/base.py", line 145, in __init__
    self._dbapi_connection = engine.raw_connection()
  File "/usr/local/lib/python3.12/site-packages/psycopg/connection.py", line 119, in connect
    raise last_ex.with_traceback(None)
psycopg.OperationalError: connection failed: connection to server at "10.43.12.7", port 5432 failed: FATAL:  sorry, too many clients already
(Background on this error at: https://sqlalche.me/e/20/e3q8)
2026-08-14 14:40:31,045 ERROR settle.db [settle-api-7c9d8f5b6-m2k9d] database not ready, retrying
Traceback (most recent call last):
  File "/usr/local/lib/python3.12/site-packages/sqlalchemy/engine/base.py", line 145, in __init__
    self._dbapi_connection = engine.raw_connection()
  File "/usr/local/lib/python3.12/site-packages/psycopg/connection.py", line 119, in connect
    raise last_ex.with_traceback(None)
psycopg.OperationalError: connection failed: connection to server at "10.43.12.7", port 5432 failed: FATAL:  sorry, too many clients already
(Background on this error at: https://sqlalche.me/e/20/e3q8)
... [settle-api-7c9d8f5b6-m2k9d] message repeated 640 times in the last 10s (sampled by log shipper)
2026-08-14 14:41:18,000 ERROR settle.db [settle-api-7c9d8f5b6-xk2lp] database not ready, retrying
Traceback (most recent call last):
  File "/usr/local/lib/python3.12/site-packages/sqlalchemy/engine/base.py", line 145, in __init__
    self._dbapi_connection = engine.raw_connection()
  File "/usr/local/lib/python3.12/site-packages/psycopg/connection.py", line 119, in connect
    raise last_ex.with_traceback(None)
psycopg.OperationalError: connection failed: connection to server at "10.43.12.7", port 5432 failed: FATAL:  sorry, too many clients already
(Background on this error at: https://sqlalche.me/e/20/e3q8)
2026-08-14 14:41:18,009 ERROR settle.db [settle-api-7c9d8f5b6-xk2lp] database not ready, retrying
Traceback (most recent call last):
  File "/usr/local/lib/python3.12/site-packages/sqlalchemy/engine/base.py", line 145, in __init__
    self._dbapi_connection = engine.raw_connection()
  File "/usr/local/lib/python3.12/site-packages/psycopg/connection.py", line 119, in connect
    raise last_ex.with_traceback(None)
psycopg.OperationalError: connection failed: connection to server at "10.43.12.7", port 5432 failed: FATAL:  sorry, too many clients already
(Background on this error at: https://sqlalche.me/e/20/e3q8)
2026-08-14 14:41:18,018 ERROR settle.db [settle-api-7c9d8f5b6-xk2lp] database not ready, retrying
Traceback (most recent call last):
  File "/usr/local/lib/python3.12/site-packages/sqlalchemy/engine/base.py", line 145, in __init__
    self._dbapi_connection = engine.raw_connection()
  File "/usr/local/lib/python3.12/site-packages/psycopg/connection.py", line 119, in connect
    raise last_ex.with_traceback(None)
psycopg.OperationalError: connection failed: connection to server at "10.43.12.7", port 5432 failed: FATAL:  sorry, too many clients already
(Background on this error at: https://sqlalche.me/e/20/e3q8)
2026-08-14 14:41:18,027 ERROR settle.db [settle-api-7c9d8f5b6-xk2lp] database not ready, retrying
Traceback (most recent call last):
  File "/usr/local/lib/python3.12/site-packages/sqlalchemy/engine/base.py", line 145, in __init__
    self._dbapi_connection = engine.raw_connection()
  File "/usr/local/lib/python3.12/site-packages/psycopg/connection.py", line 119, in connect
    raise last_ex.with_traceback(None)
psycopg.OperationalError: connection failed: connection to server at "10.43.12.7", port 5432 failed: FATAL:  sorry, too many clients already
(Background on this error at: https://sqlalche.me/e/20/e3q8)
2026-08-14 14:41:18,036 ERROR settle.db [settle-api-7c9d8f5b6-xk2lp] database not ready, retrying
Traceback (most recent call last):
  File "/usr/local/lib/python3.12/site-packages/sqlalchemy/engine/base.py", line 145, in __init__
    self._dbapi_connection = engine.raw_connection()
  File "/usr/local/lib/python3.12/site-packages/psycopg/connection.py", line 119, in connect
    raise last_ex.with_traceback(None)
psycopg.OperationalError: connection failed: connection to server at "10.43.12.7", port 5432 failed: FATAL:  sorry, too many clients already
(Background on this error at: https://sqlalche.me/e/20/e3q8)
2026-08-14 14:41:18,045 ERROR settle.db [settle-api-7c9d8f5b6-xk2lp] database not ready, retrying
Traceback (most recent call last):
  File "/usr/local/lib/python3.12/site-packages/sqlalchemy/engine/base.py", line 145, in __init__
    self._dbapi_connection = engine.raw_connection()
  File "/usr/local/lib/python3.12/site-packages/psycopg/connection.py", line 119, in connect
    raise last_ex.with_traceback(None)
psycopg.OperationalError: connection failed: connection to server at "10.43.12.7", port 5432 failed: FATAL:  sorry, too many clients already
(Background on this error at: https://sqlalche.me/e/20/e3q8)
... [settle-api-7c9d8f5b6-xk2lp] message repeated 662 times in the last 10s (sampled by log shipper)
2026-08-14 14:42:04,000 ERROR settle.db [settle-api-7c9d8f5b6-q6ht4] database not ready, retrying
Traceback (most recent call last):
  File "/usr/local/lib/python3.12/site-packages/sqlalchemy/engine/base.py", line 145, in __init__
    self._dbapi_connection = engine.raw_connection()
  File "/usr/local/lib/python3.12/site-packages/psycopg/connection.py", line 119, in connect
    raise last_ex.with_traceback(None)
psycopg.OperationalError: connection failed: connection to server at "10.43.12.7", port 5432 failed: FATAL:  sorry, too many clients already
(Background on this error at: https://sqlalche.me/e/20/e3q8)
2026-08-14 14:42:04,009 ERROR settle.db [settle-api-7c9d8f5b6-q6ht4] database not ready, retrying
Traceback (most recent call last):
  File "/usr/local/lib/python3.12/site-packages/sqlalchemy/engine/base.py", line 145, in __init__
    self._dbapi_connection = engine.raw_connection()
  File "/usr/local/lib/python3.12/site-packages/psycopg/connection.py", line 119, in connect
    raise last_ex.with_traceback(None)
psycopg.OperationalError: connection failed: connection to server at "10.43.12.7", port 5432 failed: FATAL:  sorry, too many clients already
(Background on this error at: https://sqlalche.me/e/20/e3q8)
2026-08-14 14:42:04,018 ERROR settle.db [settle-api-7c9d8f5b6-q6ht4] database not ready, retrying
Traceback (most recent call last):
  File "/usr/local/lib/python3.12/site-packages/sqlalchemy/engine/base.py", line 145, in __init__
    self._dbapi_connection = engine.raw_connection()
  File "/usr/local/lib/python3.12/site-packages/psycopg/connection.py", line 119, in connect
    raise last_ex.with_traceback(None)
psycopg.OperationalError: connection failed: connection to server at "10.43.12.7", port 5432 failed: FATAL:  sorry, too many clients already
(Background on this error at: https://sqlalche.me/e/20/e3q8)
... [settle-api-7c9d8f5b6-q6ht4] message repeated 836 times in the last 10s (sampled by log shipper)
2026-08-14 14:42:42,000 ERROR settle.db [settle-api-7c9d8f5b6-xk2lp] database not ready, retrying
Traceback (most recent call last):
  File "/usr/local/lib/python3.12/site-packages/sqlalchemy/engine/base.py", line 145, in __init__
    self._dbapi_connection = engine.raw_connection()
  File "/usr/local/lib/python3.12/site-packages/psycopg/connection.py", line 119, in connect
    raise last_ex.with_traceback(None)
psycopg.OperationalError: connection failed: connection to server at "10.43.12.7", port 5432 failed: FATAL:  sorry, too many clients already
(Background on this error at: https://sqlalche.me/e/20/e3q8)
2026-08-14 14:42:42,009 ERROR settle.db [settle-api-7c9d8f5b6-xk2lp] database not ready, retrying
Traceback (most recent call last):
  File "/usr/local/lib/python3.12/site-packages/sqlalchemy/engine/base.py", line 145, in __init__
    self._dbapi_connection = engine.raw_connection()
  File "/usr/local/lib/python3.12/site-packages/psycopg/connection.py", line 119, in connect
    raise last_ex.with_traceback(None)
psycopg.OperationalError: connection failed: connection to server at "10.43.12.7", port 5432 failed: FATAL:  sorry, too many clients already
(Background on this error at: https://sqlalche.me/e/20/e3q8)
2026-08-14 14:42:42,018 ERROR settle.db [settle-api-7c9d8f5b6-xk2lp] database not ready, retrying
Traceback (most recent call last):
  File "/usr/local/lib/python3.12/site-packages/sqlalchemy/engine/base.py", line 145, in __init__
    self._dbapi_connection = engine.raw_connection()
  File "/usr/local/lib/python3.12/site-packages/psycopg/connection.py", line 119, in connect
    raise last_ex.with_traceback(None)
psycopg.OperationalError: connection failed: connection to server at "10.43.12.7", port 5432 failed: FATAL:  sorry, too many clients already
(Background on this error at: https://sqlalche.me/e/20/e3q8)
2026-08-14 14:42:42,027 ERROR settle.db [settle-api-7c9d8f5b6-xk2lp] database not ready, retrying
Traceback (most recent call last):
  File "/usr/local/lib/python3.12/site-packages/sqlalchemy/engine/base.py", line 145, in __init__
    self._dbapi_connection = engine.raw_connection()
  File "/usr/local/lib/python3.12/site-packages/psycopg/connection.py", line 119, in connect
    raise last_ex.with_traceback(None)
psycopg.OperationalError: connection failed: connection to server at "10.43.12.7", port 5432 failed: FATAL:  sorry, too many clients already
(Background on this error at: https://sqlalche.me/e/20/e3q8)
2026-08-14 14:42:42,036 ERROR settle.db [settle-api-7c9d8f5b6-xk2lp] database not ready, retrying
Traceback (most recent call last):
  File "/usr/local/lib/python3.12/site-packages/sqlalchemy/engine/base.py", line 145, in __init__
    self._dbapi_connection = engine.raw_connection()
  File "/usr/local/lib/python3.12/site-packages/psycopg/connection.py", line 119, in connect
    raise last_ex.with_traceback(None)
psycopg.OperationalError: connection failed: connection to server at "10.43.12.7", port 5432 failed: FATAL:  sorry, too many clients already
(Background on this error at: https://sqlalche.me/e/20/e3q8)
... [settle-api-7c9d8f5b6-xk2lp] message repeated 824 times in the last 10s (sampled by log shipper)
2026-08-14 14:43:03,000 ERROR settle.db [settle-api-7c9d8f5b6-j7wq2] database not ready, retrying
Traceback (most recent call last):
  File "/usr/local/lib/python3.12/site-packages/sqlalchemy/engine/base.py", line 145, in __init__
    self._dbapi_connection = engine.raw_connection()
  File "/usr/local/lib/python3.12/site-packages/psycopg/connection.py", line 119, in connect
    raise last_ex.with_traceback(None)
psycopg.OperationalError: connection failed: connection to server at "10.43.12.7", port 5432 failed: FATAL:  sorry, too many clients already
(Background on this error at: https://sqlalche.me/e/20/e3q8)
2026-08-14 14:43:03,009 ERROR settle.db [settle-api-7c9d8f5b6-j7wq2] database not ready, retrying
Traceback (most recent call last):
  File "/usr/local/lib/python3.12/site-packages/sqlalchemy/engine/base.py", line 145, in __init__
    self._dbapi_connection = engine.raw_connection()
  File "/usr/local/lib/python3.12/site-packages/psycopg/connection.py", line 119, in connect
    raise last_ex.with_traceback(None)
psycopg.OperationalError: connection failed: connection to server at "10.43.12.7", port 5432 failed: FATAL:  sorry, too many clients already
(Background on this error at: https://sqlalche.me/e/20/e3q8)
2026-08-14 14:43:03,018 ERROR settle.db [settle-api-7c9d8f5b6-j7wq2] database not ready, retrying
Traceback (most recent call last):
  File "/usr/local/lib/python3.12/site-packages/sqlalchemy/engine/base.py", line 145, in __init__
    self._dbapi_connection = engine.raw_connection()
  File "/usr/local/lib/python3.12/site-packages/psycopg/connection.py", line 119, in connect
    raise last_ex.with_traceback(None)
psycopg.OperationalError: connection failed: connection to server at "10.43.12.7", port 5432 failed: FATAL:  sorry, too many clients already
(Background on this error at: https://sqlalche.me/e/20/e3q8)
2026-08-14 14:43:03,027 ERROR settle.db [settle-api-7c9d8f5b6-j7wq2] database not ready, retrying
Traceback (most recent call last):
  File "/usr/local/lib/python3.12/site-packages/sqlalchemy/engine/base.py", line 145, in __init__
    self._dbapi_connection = engine.raw_connection()
  File "/usr/local/lib/python3.12/site-packages/psycopg/connection.py", line 119, in connect
    raise last_ex.with_traceback(None)
psycopg.OperationalError: connection failed: connection to server at "10.43.12.7", port 5432 failed: FATAL:  sorry, too many clients already
(Background on this error at: https://sqlalche.me/e/20/e3q8)
... [settle-api-7c9d8f5b6-j7wq2] message repeated 910 times in the last 10s (sampled by log shipper)
2026-08-14 14:43:50,000 ERROR settle.db [settle-api-7c9d8f5b6-b4n8s] database not ready, retrying
Traceback (most recent call last):
  File "/usr/local/lib/python3.12/site-packages/sqlalchemy/engine/base.py", line 145, in __init__
    self._dbapi_connection = engine.raw_connection()
  File "/usr/local/lib/python3.12/site-packages/psycopg/connection.py", line 119, in connect
    raise last_ex.with_traceback(None)
psycopg.OperationalError: connection failed: connection to server at "10.43.12.7", port 5432 failed: FATAL:  sorry, too many clients already
(Background on this error at: https://sqlalche.me/e/20/e3q8)
2026-08-14 14:43:50,009 ERROR settle.db [settle-api-7c9d8f5b6-b4n8s] database not ready, retrying
Traceback (most recent call last):
  File "/usr/local/lib/python3.12/site-packages/sqlalchemy/engine/base.py", line 145, in __init__
    self._dbapi_connection = engine.raw_connection()
  File "/usr/local/lib/python3.12/site-packages/psycopg/connection.py", line 119, in connect
    raise last_ex.with_traceback(None)
psycopg.OperationalError: connection failed: connection to server at "10.43.12.7", port 5432 failed: FATAL:  sorry, too many clients already
(Background on this error at: https://sqlalche.me/e/20/e3q8)
2026-08-14 14:43:50,018 ERROR settle.db [settle-api-7c9d8f5b6-b4n8s] database not ready, retrying
Traceback (most recent call last):
  File "/usr/local/lib/python3.12/site-packages/sqlalchemy/engine/base.py", line 145, in __init__
    self._dbapi_connection = engine.raw_connection()
  File "/usr/local/lib/python3.12/site-packages/psycopg/connection.py", line 119, in connect
    raise last_ex.with_traceback(None)
psycopg.OperationalError: connection failed: connection to server at "10.43.12.7", port 5432 failed: FATAL:  sorry, too many clients already
(Background on this error at: https://sqlalche.me/e/20/e3q8)
2026-08-14 14:43:50,027 ERROR settle.db [settle-api-7c9d8f5b6-b4n8s] database not ready, retrying
Traceback (most recent call last):
  File "/usr/local/lib/python3.12/site-packages/sqlalchemy/engine/base.py", line 145, in __init__
    self._dbapi_connection = engine.raw_connection()
  File "/usr/local/lib/python3.12/site-packages/psycopg/connection.py", line 119, in connect
    raise last_ex.with_traceback(None)
psycopg.OperationalError: connection failed: connection to server at "10.43.12.7", port 5432 failed: FATAL:  sorry, too many clients already
(Background on this error at: https://sqlalche.me/e/20/e3q8)
2026-08-14 14:43:50,036 ERROR settle.db [settle-api-7c9d8f5b6-b4n8s] database not ready, retrying
Traceback (most recent call last):
  File "/usr/local/lib/python3.12/site-packages/sqlalchemy/engine/base.py", line 145, in __init__
    self._dbapi_connection = engine.raw_connection()
  File "/usr/local/lib/python3.12/site-packages/psycopg/connection.py", line 119, in connect
    raise last_ex.with_traceback(None)
psycopg.OperationalError: connection failed: connection to server at "10.43.12.7", port 5432 failed: FATAL:  sorry, too many clients already
(Background on this error at: https://sqlalche.me/e/20/e3q8)
... [settle-api-7c9d8f5b6-b4n8s] message repeated 663 times in the last 10s (sampled by log shipper)
2026-08-14 14:44:04,000 ERROR settle.api [settle-api-7c9d8f5b6-r5tzm] Exception in ASGI application
psycopg.errors.UndefinedColumn: column p.state does not exist
2026-08-14 14:44:11,000 ERROR settle.api [settle-api-7c9d8f5b6-xk2lp] Exception in ASGI application
psycopg.errors.UndefinedColumn: column p.state does not exist
2026-08-14 14:44:18,000 ERROR settle.api [settle-api-7c9d8f5b6-r5tzm] Exception in ASGI application
psycopg.errors.UndefinedColumn: column p.state does not exist
2026-08-14 14:44:25,000 ERROR settle.api [settle-api-7c9d8f5b6-r5tzm] Exception in ASGI application
psycopg.errors.UndefinedColumn: column p.state does not exist
2026-08-14 14:44:32,000 ERROR settle.api [settle-api-7c9d8f5b6-r5tzm] Exception in ASGI application
psycopg.errors.UndefinedColumn: column p.state does not exist
2026-08-14 14:44:34,000 ERROR settle.db [settle-api-7c9d8f5b6-z3fw8] database not ready, retrying
Traceback (most recent call last):
  File "/usr/local/lib/python3.12/site-packages/sqlalchemy/engine/base.py", line 145, in __init__
    self._dbapi_connection = engine.raw_connection()
  File "/usr/local/lib/python3.12/site-packages/psycopg/connection.py", line 119, in connect
    raise last_ex.with_traceback(None)
psycopg.OperationalError: connection failed: connection to server at "10.43.12.7", port 5432 failed: FATAL:  sorry, too many clients already
(Background on this error at: https://sqlalche.me/e/20/e3q8)
2026-08-14 14:44:34,009 ERROR settle.db [settle-api-7c9d8f5b6-z3fw8] database not ready, retrying
Traceback (most recent call last):
  File "/usr/local/lib/python3.12/site-packages/sqlalchemy/engine/base.py", line 145, in __init__
    self._dbapi_connection = engine.raw_connection()
  File "/usr/local/lib/python3.12/site-packages/psycopg/connection.py", line 119, in connect
    raise last_ex.with_traceback(None)
psycopg.OperationalError: connection failed: connection to server at "10.43.12.7", port 5432 failed: FATAL:  sorry, too many clients already
(Background on this error at: https://sqlalche.me/e/20/e3q8)
2026-08-14 14:44:34,018 ERROR settle.db [settle-api-7c9d8f5b6-z3fw8] database not ready, retrying
Traceback (most recent call last):
  File "/usr/local/lib/python3.12/site-packages/sqlalchemy/engine/base.py", line 145, in __init__
    self._dbapi_connection = engine.raw_connection()
  File "/usr/local/lib/python3.12/site-packages/psycopg/connection.py", line 119, in connect
    raise last_ex.with_traceback(None)
psycopg.OperationalError: connection failed: connection to server at "10.43.12.7", port 5432 failed: FATAL:  sorry, too many clients already
(Background on this error at: https://sqlalche.me/e/20/e3q8)
2026-08-14 14:44:34,027 ERROR settle.db [settle-api-7c9d8f5b6-z3fw8] database not ready, retrying
Traceback (most recent call last):
  File "/usr/local/lib/python3.12/site-packages/sqlalchemy/engine/base.py", line 145, in __init__
    self._dbapi_connection = engine.raw_connection()
  File "/usr/local/lib/python3.12/site-packages/psycopg/connection.py", line 119, in connect
    raise last_ex.with_traceback(None)
psycopg.OperationalError: connection failed: connection to server at "10.43.12.7", port 5432 failed: FATAL:  sorry, too many clients already
(Background on this error at: https://sqlalche.me/e/20/e3q8)
... [settle-api-7c9d8f5b6-z3fw8] message repeated 870 times in the last 10s (sampled by log shipper)
2026-08-14 14:44:39,000 ERROR settle.api [settle-api-7c9d8f5b6-r5tzm] Exception in ASGI application
psycopg.errors.UndefinedColumn: column p.state does not exist
2026-08-14 14:45:08,000 ERROR settle.db [settle-api-7c9d8f5b6-v9c2n] database not ready, retrying
Traceback (most recent call last):
  File "/usr/local/lib/python3.12/site-packages/sqlalchemy/engine/base.py", line 145, in __init__
    self._dbapi_connection = engine.raw_connection()
  File "/usr/local/lib/python3.12/site-packages/psycopg/connection.py", line 119, in connect
    raise last_ex.with_traceback(None)
psycopg.OperationalError: connection failed: connection to server at "10.43.12.7", port 5432 failed: FATAL:  sorry, too many clients already
(Background on this error at: https://sqlalche.me/e/20/e3q8)
2026-08-14 14:45:08,009 ERROR settle.db [settle-api-7c9d8f5b6-v9c2n] database not ready, retrying
Traceback (most recent call last):
  File "/usr/local/lib/python3.12/site-packages/sqlalchemy/engine/base.py", line 145, in __init__
    self._dbapi_connection = engine.raw_connection()
  File "/usr/local/lib/python3.12/site-packages/psycopg/connection.py", line 119, in connect
    raise last_ex.with_traceback(None)
psycopg.OperationalError: connection failed: connection to server at "10.43.12.7", port 5432 failed: FATAL:  sorry, too many clients already
(Background on this error at: https://sqlalche.me/e/20/e3q8)
2026-08-14 14:45:08,018 ERROR settle.db [settle-api-7c9d8f5b6-v9c2n] database not ready, retrying
Traceback (most recent call last):
  File "/usr/local/lib/python3.12/site-packages/sqlalchemy/engine/base.py", line 145, in __init__
    self._dbapi_connection = engine.raw_connection()
  File "/usr/local/lib/python3.12/site-packages/psycopg/connection.py", line 119, in connect
    raise last_ex.with_traceback(None)
psycopg.OperationalError: connection failed: connection to server at "10.43.12.7", port 5432 failed: FATAL:  sorry, too many clients already
(Background on this error at: https://sqlalche.me/e/20/e3q8)
2026-08-14 14:45:08,027 ERROR settle.db [settle-api-7c9d8f5b6-v9c2n] database not ready, retrying
Traceback (most recent call last):
  File "/usr/local/lib/python3.12/site-packages/sqlalchemy/engine/base.py", line 145, in __init__
    self._dbapi_connection = engine.raw_connection()
  File "/usr/local/lib/python3.12/site-packages/psycopg/connection.py", line 119, in connect
    raise last_ex.with_traceback(None)
psycopg.OperationalError: connection failed: connection to server at "10.43.12.7", port 5432 failed: FATAL:  sorry, too many clients already
(Background on this error at: https://sqlalche.me/e/20/e3q8)
... [settle-api-7c9d8f5b6-v9c2n] message repeated 657 times in the last 10s (sampled by log shipper)
2026-08-14 14:45:46,000 ERROR settle.db [settle-api-7c9d8f5b6-p8x3v] database not ready, retrying
Traceback (most recent call last):
  File "/usr/local/lib/python3.12/site-packages/sqlalchemy/engine/base.py", line 145, in __init__
    self._dbapi_connection = engine.raw_connection()
  File "/usr/local/lib/python3.12/site-packages/psycopg/connection.py", line 119, in connect
    raise last_ex.with_traceback(None)
psycopg.OperationalError: connection failed: connection to server at "10.43.12.7", port 5432 failed: FATAL:  sorry, too many clients already
(Background on this error at: https://sqlalche.me/e/20/e3q8)
2026-08-14 14:45:46,009 ERROR settle.db [settle-api-7c9d8f5b6-p8x3v] database not ready, retrying
Traceback (most recent call last):
  File "/usr/local/lib/python3.12/site-packages/sqlalchemy/engine/base.py", line 145, in __init__
    self._dbapi_connection = engine.raw_connection()
  File "/usr/local/lib/python3.12/site-packages/psycopg/connection.py", line 119, in connect
    raise last_ex.with_traceback(None)
psycopg.OperationalError: connection failed: connection to server at "10.43.12.7", port 5432 failed: FATAL:  sorry, too many clients already
(Background on this error at: https://sqlalche.me/e/20/e3q8)
2026-08-14 14:45:46,018 ERROR settle.db [settle-api-7c9d8f5b6-p8x3v] database not ready, retrying
Traceback (most recent call last):
  File "/usr/local/lib/python3.12/site-packages/sqlalchemy/engine/base.py", line 145, in __init__
    self._dbapi_connection = engine.raw_connection()
  File "/usr/local/lib/python3.12/site-packages/psycopg/connection.py", line 119, in connect
    raise last_ex.with_traceback(None)
psycopg.OperationalError: connection failed: connection to server at "10.43.12.7", port 5432 failed: FATAL:  sorry, too many clients already
(Background on this error at: https://sqlalche.me/e/20/e3q8)
... [settle-api-7c9d8f5b6-p8x3v] message repeated 906 times in the last 10s (sampled by log shipper)
2026-08-14 14:46:07,000 ERROR settle.db [settle-api-7c9d8f5b6-m2k9d] database not ready, retrying
Traceback (most recent call last):
  File "/usr/local/lib/python3.12/site-packages/sqlalchemy/engine/base.py", line 145, in __init__
    self._dbapi_connection = engine.raw_connection()
  File "/usr/local/lib/python3.12/site-packages/psycopg/connection.py", line 119, in connect
    raise last_ex.with_traceback(None)
psycopg.OperationalError: connection failed: connection to server at "10.43.12.7", port 5432 failed: FATAL:  sorry, too many clients already
(Background on this error at: https://sqlalche.me/e/20/e3q8)
2026-08-14 14:46:07,009 ERROR settle.db [settle-api-7c9d8f5b6-m2k9d] database not ready, retrying
Traceback (most recent call last):
  File "/usr/local/lib/python3.12/site-packages/sqlalchemy/engine/base.py", line 145, in __init__
    self._dbapi_connection = engine.raw_connection()
  File "/usr/local/lib/python3.12/site-packages/psycopg/connection.py", line 119, in connect
    raise last_ex.with_traceback(None)
psycopg.OperationalError: connection failed: connection to server at "10.43.12.7", port 5432 failed: FATAL:  sorry, too many clients already
(Background on this error at: https://sqlalche.me/e/20/e3q8)
2026-08-14 14:46:07,018 ERROR settle.db [settle-api-7c9d8f5b6-m2k9d] database not ready, retrying
Traceback (most recent call last):
  File "/usr/local/lib/python3.12/site-packages/sqlalchemy/engine/base.py", line 145, in __init__
    self._dbapi_connection = engine.raw_connection()
  File "/usr/local/lib/python3.12/site-packages/psycopg/connection.py", line 119, in connect
    raise last_ex.with_traceback(None)
psycopg.OperationalError: connection failed: connection to server at "10.43.12.7", port 5432 failed: FATAL:  sorry, too many clients already
(Background on this error at: https://sqlalche.me/e/20/e3q8)
... [settle-api-7c9d8f5b6-m2k9d] message repeated 835 times in the last 10s (sampled by log shipper)
2026-08-14 14:46:11,000 INFO settle.api [settle-api-5b7f9c6d4-2mxkq] settle-api 1.7.3 started
2026-08-14 14:46:14,000 INFO settle.api [settle-api-5b7f9c6d4-8zv4t] settle-api 1.7.3 started
2026-08-14 14:46:17,000 INFO settle.api [settle-api-5b7f9c6d4-fq7rn] settle-api 1.7.3 started
2026-08-14 14:46:20,000 INFO settle.api [settle-api-5b7f9c6d4-tw9hc] settle-api 1.7.3 started
2026-08-14 14:46:47,000 ERROR settle.db [settle-api-7c9d8f5b6-z3fw8] database not ready, retrying
Traceback (most recent call last):
  File "/usr/local/lib/python3.12/site-packages/sqlalchemy/engine/base.py", line 145, in __init__
    self._dbapi_connection = engine.raw_connection()
  File "/usr/local/lib/python3.12/site-packages/psycopg/connection.py", line 119, in connect
    raise last_ex.with_traceback(None)
psycopg.OperationalError: connection failed: connection to server at "10.43.12.7", port 5432 failed: FATAL:  sorry, too many clients already
(Background on this error at: https://sqlalche.me/e/20/e3q8)
2026-08-14 14:46:47,009 ERROR settle.db [settle-api-7c9d8f5b6-z3fw8] database not ready, retrying
Traceback (most recent call last):
  File "/usr/local/lib/python3.12/site-packages/sqlalchemy/engine/base.py", line 145, in __init__
    self._dbapi_connection = engine.raw_connection()
  File "/usr/local/lib/python3.12/site-packages/psycopg/connection.py", line 119, in connect
    raise last_ex.with_traceback(None)
psycopg.OperationalError: connection failed: connection to server at "10.43.12.7", port 5432 failed: FATAL:  sorry, too many clients already
(Background on this error at: https://sqlalche.me/e/20/e3q8)
2026-08-14 14:46:47,018 ERROR settle.db [settle-api-7c9d8f5b6-z3fw8] database not ready, retrying
Traceback (most recent call last):
  File "/usr/local/lib/python3.12/site-packages/sqlalchemy/engine/base.py", line 145, in __init__
    self._dbapi_connection = engine.raw_connection()
  File "/usr/local/lib/python3.12/site-packages/psycopg/connection.py", line 119, in connect
    raise last_ex.with_traceback(None)
psycopg.OperationalError: connection failed: connection to server at "10.43.12.7", port 5432 failed: FATAL:  sorry, too many clients already
(Background on this error at: https://sqlalche.me/e/20/e3q8)
2026-08-14 14:46:47,027 ERROR settle.db [settle-api-7c9d8f5b6-z3fw8] database not ready, retrying
Traceback (most recent call last):
  File "/usr/local/lib/python3.12/site-packages/sqlalchemy/engine/base.py", line 145, in __init__
    self._dbapi_connection = engine.raw_connection()
  File "/usr/local/lib/python3.12/site-packages/psycopg/connection.py", line 119, in connect
    raise last_ex.with_traceback(None)
psycopg.OperationalError: connection failed: connection to server at "10.43.12.7", port 5432 failed: FATAL:  sorry, too many clients already
(Background on this error at: https://sqlalche.me/e/20/e3q8)
2026-08-14 14:46:47,036 ERROR settle.db [settle-api-7c9d8f5b6-z3fw8] database not ready, retrying
Traceback (most recent call last):
  File "/usr/local/lib/python3.12/site-packages/sqlalchemy/engine/base.py", line 145, in __init__
    self._dbapi_connection = engine.raw_connection()
  File "/usr/local/lib/python3.12/site-packages/psycopg/connection.py", line 119, in connect
    raise last_ex.with_traceback(None)
psycopg.OperationalError: connection failed: connection to server at "10.43.12.7", port 5432 failed: FATAL:  sorry, too many clients already
(Background on this error at: https://sqlalche.me/e/20/e3q8)
2026-08-14 14:46:47,045 ERROR settle.db [settle-api-7c9d8f5b6-z3fw8] database not ready, retrying
Traceback (most recent call last):
  File "/usr/local/lib/python3.12/site-packages/sqlalchemy/engine/base.py", line 145, in __init__
    self._dbapi_connection = engine.raw_connection()
  File "/usr/local/lib/python3.12/site-packages/psycopg/connection.py", line 119, in connect
    raise last_ex.with_traceback(None)
psycopg.OperationalError: connection failed: connection to server at "10.43.12.7", port 5432 failed: FATAL:  sorry, too many clients already
(Background on this error at: https://sqlalche.me/e/20/e3q8)
... [settle-api-7c9d8f5b6-z3fw8] message repeated 717 times in the last 10s (sampled by log shipper)
